okrsek;CSSD;SSO;CPS;TOP09;HLAVU_VZHURU;ODS;RDS;KAN;PHZ;SSCR;KDU_CSL;CIBULKA;SUVERENITA;AKTIV_NO;SPOZ;OB11;USVIT;DSSS;blank;ANO;KSCM;LEV21;SZ;KÄŒ
1;45;44;24;258;1;89;0;0;5;1;119;0;0;0;7;2;14;0;0;75;28;0;70;3
2;92;31;26;254;2;106;0;0;8;0;56;3;2;2;3;1;19;1;0;79;35;0;78;2
3;32;18;8;156;5;49;0;0;4;1;79;0;0;0;5;0;10;2;0;49;22;1;33;0
4;54;12;14;183;2;107;0;0;6;0;51;0;0;1;3;0;8;1;0;49;22;0;55;1
5;41;21;20;170;3;53;0;0;2;0;21;1;0;0;2;0;11;1;0;47;18;0;39;1
6;79;44;41;283;2;136;0;0;6;1;67;2;0;0;6;2;19;4;0;85;37;0;113;5
7;68;12;41;211;1;120;0;0;3;1;49;4;0;2;8;0;19;2;0;86;44;0;64;3
8;59;24;32;245;4;102;0;0;8;0;45;0;2;0;0;0;12;1;0;98;32;0;61;2
9;57;22;19;186;3;119;0;0;2;0;46;0;1;0;6;0;12;3;0;81;19;1;49;3
10;46;14;16;116;2;50;0;0;3;0;35;1;0;0;5;1;7;0;0;35;14;0;36;0
11;110;34;28;221;3;106;0;0;5;2;47;2;1;0;16;0;21;2;0;107;58;1;78;1
12;64;17;26;184;3;94;0;0;4;1;38;1;0;0;4;0;18;1;0;68;23;0;69;1
13;45;9;16;129;3;70;0;0;0;0;21;0;0;0;3;0;6;1;0;38;13;0;25;0
14;117;25;31;248;3;104;0;0;9;2;57;3;0;0;4;0;18;2;0;104;45;0;59;4
15;101;36;47;258;4;126;0;0;5;2;63;1;0;1;13;0;25;3;0;107;52;0;79;4
16;61;29;23;179;3;87;0;0;7;0;49;3;0;0;4;0;20;1;0;88;36;0;72;1
17;86;28;28;183;5;86;0;0;4;0;29;1;1;0;3;0;20;3;0;99;56;0;41;0
18;63;38;28;196;4;107;0;0;4;1;57;2;0;0;7;0;18;1;0;115;36;0;54;2
19;65;21;27;225;3;108;0;0;6;0;50;1;2;0;2;2;23;3;0;98;35;0;63;5
20;53;16;24;163;8;82;0;0;9;1;25;0;1;0;1;0;11;0;0;75;35;2;47;3
21;72;31;34;212;4;110;0;0;4;2;63;0;1;0;5;1;16;2;0;88;32;0;83;1
22;34;13;20;98;0;46;0;0;5;0;17;3;0;0;4;0;12;1;0;56;17;0;41;0
23;47;9;14;68;2;34;0;0;5;1;11;1;1;0;2;0;4;0;0;41;24;0;33;0
24;60;27;28;112;0;68;0;0;2;1;42;1;0;1;4;1;16;1;0;45;24;0;35;0
25;65;28;24;164;0;78;0;0;4;0;25;0;0;0;4;1;12;2;0;80;31;1;49;1
26;68;16;9;106;1;75;0;0;3;0;28;1;0;0;3;1;9;0;0;55;11;1;41;4
27;46;22;23;141;1;65;0;0;3;0;29;0;0;0;3;1;19;1;0;55;16;1;81;4
28;56;17;15;149;0;79;0;0;4;0;25;3;0;0;0;0;16;1;0;52;30;0;63;0
29;55;19;17;97;2;63;0;0;0;0;22;1;0;0;1;0;7;3;0;54;18;0;44;3
30;51;25;20;151;4;62;0;0;3;1;53;2;0;0;6;1;2;2;0;61;24;1;54;3
31;45;10;17;128;5;83;0;0;6;2;26;2;0;0;4;1;17;0;0;62;21;0;45;2
32;49;17;16;130;5;72;0;0;2;0;22;1;0;0;1;1;16;3;0;68;26;0;42;4
33;43;21;36;106;0;60;0;0;6;1;34;3;2;0;6;0;6;0;0;56;37;0;27;2
34;52;17;15;103;0;50;0;0;4;2;23;0;0;0;4;2;9;0;0;36;16;0;34;0
35;40;18;11;97;2;52;0;0;5;1;28;0;0;0;2;0;9;0;0;61;26;1;35;0
36;33;10;20;119;1;60;0;0;1;1;15;2;1;0;1;0;8;1;0;47;17;0;25;0
37;62;24;15;160;2;87;0;0;2;0;27;0;1;0;5;0;11;0;0;70;37;0;38;1
38;47;23;24;117;2;75;0;0;4;2;30;0;0;0;4;0;5;0;0;75;22;0;49;0
39;79;13;19;113;2;88;0;0;3;2;18;0;0;0;3;0;10;3;0;70;49;0;32;2
40;54;24;7;80;0;67;0;0;2;2;28;0;0;0;1;0;8;1;0;45;20;0;41;1
41;60;24;25;128;0;76;0;0;3;0;26;2;1;0;3;0;17;3;0;73;27;0;50;1
42;53;17;20;103;8;52;0;0;2;1;27;2;2;0;4;0;15;1;0;55;36;1;32;1
43;50;24;14;135;3;81;0;0;0;0;24;3;0;0;3;0;18;1;0;75;11;0;35;2
44;86;20;13;134;1;75;0;0;3;0;36;3;1;0;2;0;14;1;0;91;44;0;33;0
45;59;28;18;146;1;67;0;0;0;0;30;2;1;0;0;0;10;2;0;92;30;0;38;4
46;51;17;14;122;3;66;0;0;2;2;27;0;3;0;6;0;6;2;0;73;28;0;47;1
47;31;13;17;113;2;71;0;0;1;1;23;1;0;0;1;1;5;0;0;69;14;0;41;1
48;72;28;27;161;0;57;0;0;3;2;28;2;1;0;1;0;17;4;0;81;34;0;44;3
49;80;34;28;174;3;95;0;0;7;0;52;1;1;0;9;0;16;4;0;97;51;0;58;1
50;52;9;17;102;1;56;0;0;2;0;19;0;1;0;1;1;16;5;0;94;43;0;25;0
51;44;15;28;104;0;52;0;0;3;0;18;1;0;0;2;0;10;3;0;65;35;0;38;0
52;42;15;28;100;4;42;0;0;1;1;22;3;1;0;5;0;10;2;0;50;26;0;32;3
53;47;19;30;143;3;71;0;0;6;0;35;2;0;0;3;0;15;5;0;77;32;0;38;1
54;63;31;20;140;4;89;0;0;4;1;50;3;0;0;5;1;17;4;0;81;26;1;57;2
55;65;18;14;139;2;50;0;0;4;0;38;1;2;0;3;0;13;2;0;75;25;0;37;2
56;62;26;19;144;4;61;0;0;5;1;38;1;1;1;5;2;18;1;0;61;29;0;44;0
57;46;20;18;82;1;51;0;0;5;1;26;2;0;0;4;0;10;2;0;48;19;0;20;1
58;59;14;23;87;3;44;0;0;1;0;30;1;1;0;1;1;13;0;0;49;29;0;39;0
59;36;12;14;68;2;38;0;0;5;1;11;1;0;0;0;0;12;3;0;46;22;0;20;1
60;54;19;16;100;1;45;0;0;8;0;43;0;0;0;7;0;13;0;0;39;23;0;21;3
61;48;16;18;92;2;59;0;0;6;0;29;1;1;0;6;0;9;3;0;68;26;0;29;3
62;31;6;4;46;0;36;0;0;2;1;13;1;0;0;3;0;11;1;0;36;17;0;17;1
63;41;17;6;85;2;52;0;0;2;0;24;0;0;0;4;0;10;0;0;41;21;0;24;0
64;69;22;19;146;1;54;0;0;2;1;32;1;0;0;4;0;13;1;0;64;26;0;37;4
65;83;25;24;118;4;71;0;0;5;0;43;0;0;0;0;0;8;2;0;55;30;0;33;1
66;61;12;15;144;2;68;0;0;6;0;43;2;1;0;5;0;12;0;0;55;18;0;40;1
67;80;21;35;150;0;89;0;0;7;0;23;1;1;1;2;1;20;5;0;81;32;1;48;0
68;57;36;31;145;2;83;0;0;6;1;31;1;1;0;9;0;16;6;0;79;31;0;70;2
69;59;16;21;123;1;62;0;0;6;0;8;0;0;0;3;0;17;7;0;65;22;0;50;0
70;56;16;36;95;1;50;0;0;2;1;15;1;0;0;1;1;16;2;0;73;35;1;33;1
71;59;21;25;112;1;62;0;0;0;0;20;0;0;1;2;0;13;1;0;71;52;1;30;0
72;84;29;34;146;3;60;0;0;4;1;31;5;1;0;11;0;14;4;0;86;48;0;57;0
73;71;25;13;141;3;54;0;0;1;0;38;0;1;1;3;1;18;1;0;77;28;1;42;3
74;98;34;22;217;5;84;0;0;5;0;54;0;0;1;2;0;25;4;0;84;43;0;87;3
75;84;30;27;178;1;84;0;0;7;3;54;0;0;1;3;0;18;2;0;105;46;1;79;3
76;73;18;16;147;3;52;0;0;2;0;23;1;0;0;3;0;14;1;0;59;39;1;41;2
77;79;24;38;165;2;79;0;0;7;0;28;3;2;0;5;2;16;9;0;121;30;0;55;2
78;62;26;27;111;4;68;0;0;3;0;29;2;1;0;8;0;10;0;0;102;44;0;45;0
79;118;21;13;81;0;38;0;0;5;1;24;1;3;1;6;1;31;5;0;97;83;2;55;0
80;87;22;22;134;2;74;0;0;7;0;28;0;2;0;5;1;17;4;0;108;59;1;50;0
81;87;20;38;124;3;63;0;0;7;0;28;1;1;0;7;0;29;2;0;81;69;0;56;4
82;65;17;25;120;1;75;0;0;2;3;29;0;1;0;4;0;26;2;0;81;41;2;38;2
83;68;28;21;183;2;101;0;0;7;2;38;1;0;0;9;1;17;5;0;92;47;0;55;1
84;78;31;35;153;2;58;0;0;1;2;23;4;0;0;6;0;24;3;0;94;48;0;48;1
85;77;30;28;106;1;67;0;0;6;0;43;1;0;0;4;0;19;5;0;89;61;0;49;0
86;74;13;14;188;3;61;0;0;7;2;28;0;0;0;7;0;17;4;0;92;44;0;52;5
87;84;21;20;145;0;66;0;0;5;1;43;1;0;0;4;0;19;4;0;65;24;0;51;2
88;76;19;22;189;1;102;0;0;3;0;31;0;0;0;4;0;17;7;0;89;51;1;49;3
89;66;30;25;186;5;92;0;0;4;0;52;2;1;0;4;0;17;4;0;90;55;3;57;2
90;99;19;19;180;7;82;0;0;8;0;50;2;2;0;4;0;16;3;0;68;39;0;61;4
91;88;18;23;141;3;51;0;0;2;0;31;0;0;0;5;0;12;1;0;87;41;0;51;2
92;83;20;21;172;3;73;0;0;0;0;38;1;0;1;4;1;22;9;0;83;51;0;53;1
93;57;29;32;173;2;91;0;0;5;0;28;2;0;0;7;0;9;3;0;91;41;0;47;2
94;80;21;23;129;3;81;0;0;1;1;39;2;0;0;4;0;19;4;0;73;38;0;46;0
95;89;19;21;185;1;89;0;0;3;0;24;1;2;0;5;2;16;1;0;88;34;0;49;1
96;70;18;25;167;0;68;0;0;10;0;46;0;0;0;7;0;11;1;0;85;36;1;51;3
97;85;19;17;196;0;104;0;0;3;2;29;1;0;1;8;0;19;6;0;92;26;0;76;3
98;97;32;24;156;4;107;0;0;2;1;38;3;3;0;1;0;15;1;0;84;36;1;61;3
99;82;19;19;164;1;95;0;0;6;0;47;3;1;0;7;0;11;3;0;89;49;0;56;0
100;97;31;23;158;6;88;0;0;3;0;30;1;0;0;3;0;10;3;0;62;44;0;42;4
101;67;17;22;105;1;63;0;0;4;0;37;3;1;0;6;0;13;3;0;63;45;0;42;1
102;71;18;22;160;3;65;0;0;6;3;31;1;0;0;7;1;24;1;0;88;51;1;49;1
103;76;16;22;100;2;56;0;0;3;3;22;0;0;0;5;0;24;0;0;106;81;1;43;3
104;98;29;17;162;1;87;0;0;4;0;35;1;1;0;9;1;20;6;0;92;48;2;57;3
105;64;16;28;113;0;56;0;0;5;1;27;1;1;0;3;0;18;2;0;69;54;0;45;1
106;103;28;38;126;2;65;0;0;9;2;14;2;0;0;4;0;24;2;0;99;39;1;57;2
107;95;23;16;115;2;78;0;0;4;1;20;2;0;0;5;0;26;0;0;96;59;0;68;3
108;82;19;23;157;3;96;0;0;1;0;40;0;2;0;5;1;25;1;0;100;48;0;62;1
109;63;18;20;171;1;81;0;0;5;2;26;1;2;0;10;0;29;0;0;76;51;0;30;2
110;89;18;25;118;0;44;0;0;10;1;30;2;0;0;2;1;9;3;0;73;65;1;46;2
111;105;26;26;183;6;79;0;0;6;2;30;0;0;0;8;1;24;0;0;108;67;0;45;1
112;115;21;22;124;0;65;0;0;3;2;23;0;0;0;5;0;23;2;0;98;87;2;32;1
113;127;12;25;103;0;47;0;0;0;1;20;7;0;0;9;1;14;3;0;101;174;1;28;4
114;100;32;25;175;1;74;0;0;8;1;42;3;0;0;9;0;27;2;0;116;78;1;42;1
115;133;20;19;150;5;91;0;0;4;0;43;0;0;0;3;1;21;2;0;103;71;0;46;1
116;109;35;27;153;6;87;0;0;4;0;34;1;0;0;6;1;22;5;0;92;50;0;48;1
117;121;22;18;161;3;87;0;0;7;0;42;2;0;0;11;0;12;2;0;87;49;0;39;3
118;41;14;10;71;2;40;0;0;3;1;8;3;1;1;3;0;4;3;0;43;30;1;21;0
119;73;15;21;68;2;33;0;0;2;0;21;3;0;2;4;0;11;1;0;49;22;0;27;3
120;54;18;18;113;4;56;0;0;1;0;28;1;1;0;3;1;11;4;0;63;35;0;39;2
121;51;11;16;69;1;29;0;0;2;2;20;0;0;0;4;0;10;6;0;40;25;0;31;0
122;39;8;12;93;2;49;0;0;2;1;37;1;1;0;4;0;12;1;0;56;27;0;31;0
123;51;9;14;76;1;35;0;0;1;0;30;0;0;0;4;0;9;2;0;62;38;0;26;2
124;58;21;22;122;2;45;0;0;5;1;24;0;0;0;5;0;8;0;0;72;20;0;42;2
125;49;17;12;60;0;26;0;0;2;0;14;0;0;0;3;0;12;4;0;56;16;0;40;0
126;66;9;24;81;0;39;0;0;2;0;8;3;1;0;1;0;13;3;0;76;24;0;22;1
127;53;16;9;84;3;49;0;0;2;0;15;1;0;0;5;0;8;3;0;51;22;0;29;1
128;80;7;9;67;2;50;0;0;3;0;11;0;0;0;11;0;8;3;0;55;30;0;20;3
129;68;15;29;111;1;53;0;0;5;0;22;0;1;1;3;0;22;3;0;51;41;0;35;2
130;42;21;18;122;2;60;0;0;4;1;36;1;0;0;4;0;14;4;0;60;14;0;55;0
131;61;21;16;102;2;54;0;0;5;3;21;1;0;1;5;0;18;1;0;55;33;0;22;0
132;68;18;13;109;3;39;0;0;1;1;24;3;2;0;6;1;11;3;0;59;36;3;41;0
133;67;17;16;92;0;48;0;0;5;0;20;0;1;0;7;1;17;1;0;62;49;1;29;1
134;48;17;8;93;6;54;0;0;2;1;10;2;1;0;2;1;13;4;0;46;25;0;27;0
135;66;12;22;76;2;46;0;0;2;0;29;0;1;0;3;0;12;1;0;39;16;1;20;1
136;61;19;18;133;1;60;0;0;3;1;25;3;1;0;2;0;17;8;0;67;31;1;39;0
137;106;38;28;162;2;66;0;0;5;1;22;11;2;0;10;0;20;15;0;121;73;1;35;5
138;98;21;20;102;8;64;0;0;3;1;26;2;0;0;4;1;16;1;0;63;49;1;29;0
139;80;16;9;87;0;43;0;0;7;0;14;1;1;0;4;1;13;2;0;81;38;0;19;2
140;70;20;19;142;2;80;0;0;4;0;24;0;0;0;1;0;26;0;0;71;37;2;48;1
141;71;16;18;105;3;73;0;0;4;2;30;0;0;0;6;1;16;2;0;87;46;0;25;0
142;55;5;10;65;4;35;0;0;2;0;19;4;1;0;3;1;18;1;0;67;36;0;23;0
143;60;11;21;109;2;61;0;0;3;1;26;0;1;0;3;0;16;3;0;49;21;0;29;0
144;58;20;17;88;1;57;0;0;6;2;9;0;0;0;5;1;15;2;0;113;36;0;30;1
145;52;14;11;100;4;56;0;0;1;0;21;2;0;0;3;0;5;3;0;55;31;0;16;1
146;87;15;7;103;0;67;0;0;4;0;35;2;0;0;7;0;24;3;0;81;26;0;27;1
147;89;18;10;92;1;55;0;0;5;0;26;5;0;1;2;0;16;0;0;78;38;0;27;1
148;84;7;7;88;2;42;0;0;2;0;24;0;0;1;1;0;14;0;0;76;34;0;26;0
149;56;8;14;108;1;48;0;0;3;0;15;0;1;0;7;1;10;5;0;69;41;0;33;1
150;68;18;29;87;1;44;0;0;2;0;15;1;4;0;5;0;7;1;0;72;75;1;28;1
151;37;6;6;107;2;63;0;0;3;0;15;1;0;0;3;0;13;3;0;44;18;0;28;1
152;29;16;23;82;1;36;0;0;1;1;18;0;0;0;3;0;9;2;0;51;29;1;12;0
153;137;28;28;141;3;38;0;0;12;0;34;1;0;0;9;1;22;1;0;93;123;0;36;2
154;116;25;16;115;3;41;0;0;8;1;20;0;1;0;6;0;15;0;0;88;96;0;31;0
155;54;21;20;90;0;50;0;0;1;0;19;2;1;0;5;1;11;1;0;80;29;0;30;0
156;43;11;16;73;0;26;0;0;2;0;14;0;0;0;5;0;15;2;0;59;25;0;11;0
157;86;21;23;132;1;94;0;0;9;1;34;1;1;0;4;0;28;5;0;140;61;0;31;0
158;77;31;17;125;0;76;0;0;15;0;38;1;0;0;7;1;17;4;0;131;28;0;30;1
159;88;5;16;108;5;62;0;0;4;1;16;1;0;0;5;0;17;1;0;101;41;1;24;1
160;83;18;15;99;3;40;0;0;5;0;19;1;0;0;5;1;15;3;0;100;68;0;27;0
161;86;20;18;113;2;65;0;0;4;0;34;0;0;0;1;0;15;1;0;79;30;1;41;3
162;65;8;15;84;5;53;0;0;2;1;32;1;0;1;3;0;13;1;0;53;32;0;37;1
163;59;7;16;65;2;34;0;0;1;0;12;0;0;0;2;0;7;1;0;40;23;0;5;0
164;91;16;8;96;1;89;0;0;4;0;37;2;0;0;6;0;12;3;0;83;34;1;20;1
165;98;11;14;105;2;60;0;0;2;2;28;0;0;0;7;0;19;2;0;67;67;0;21;0
166;78;17;11;121;1;63;0;0;4;0;24;1;0;0;9;0;13;2;0;91;54;2;28;0
167;117;22;13;140;7;67;0;0;8;0;23;0;0;0;4;0;16;1;0;116;64;1;34;2
168;87;12;13;124;0;66;0;0;3;1;35;1;0;0;2;0;20;2;0;64;33;0;20;1
169;104;17;19;118;5;83;0;0;3;1;37;3;0;1;3;0;8;0;0;115;45;0;36;2
170;129;17;25;123;3;67;0;0;5;0;38;1;4;0;2;0;23;2;0;99;56;0;16;0
171;100;18;24;105;4;57;0;0;11;1;19;1;0;0;6;0;13;2;0;73;47;1;35;0
172;88;26;21;101;6;57;0;0;2;0;22;1;0;0;9;0;15;2;0;75;58;0;31;1
173;78;11;17;73;3;33;0;0;0;0;15;0;0;0;6;0;18;0;0;79;40;1;18;0
174;71;15;18;71;0;52;0;0;1;0;21;1;1;0;6;0;13;2;0;76;35;0;25;1
175;84;11;13;107;1;59;0;0;1;0;25;0;1;0;7;1;15;1;0;60;35;0;16;0
176;62;23;17;215;2;97;0;0;1;0;66;1;0;0;3;0;6;1;0;91;35;0;31;1
177;64;16;19;172;3;87;0;0;2;0;36;1;0;0;4;0;7;0;0;77;30;0;41;1
178;78;21;12;150;8;81;0;0;4;0;31;0;0;0;2;0;15;2;0;111;46;0;34;2
179;92;17;19;126;2;75;0;0;6;0;26;0;2;0;8;0;18;2;0;97;51;1;28;2
180;66;35;15;160;4;81;0;0;4;0;28;1;2;1;2;1;11;1;0;75;33;0;35;2
181;114;16;15;128;5;77;0;0;3;0;41;1;2;0;2;0;10;1;0;88;43;0;33;1
182;48;16;9;62;0;59;0;0;1;1;22;2;0;0;3;0;19;4;0;37;43;0;10;1
183;47;12;7;64;0;30;0;0;2;0;32;1;0;0;6;0;9;0;0;46;27;0;28;0
184;54;5;21;77;1;50;0;0;3;1;21;3;1;0;7;1;21;1;0;76;27;1;24;0
185;65;14;16;81;1;48;0;0;1;2;16;1;1;1;6;0;18;3;0;83;26;1;30;0
186;71;22;13;128;6;52;0;0;6;0;31;0;0;0;4;1;15;1;0;52;42;0;57;0
187;67;25;22;103;4;63;0;0;4;0;26;1;0;1;2;0;14;1;0;83;44;1;28;0
188;81;19;21;126;6;63;0;0;4;0;26;0;0;0;8;0;9;0;0;80;46;0;42;1
189;54;9;16;120;0;49;0;0;6;0;18;0;0;0;1;0;18;4;0;89;46;1;23;2
190;86;14;11;96;3;56;0;0;5;0;25;2;0;0;5;1;13;2;0;67;44;1;19;1
191;46;13;16;144;3;60;0;0;1;1;25;0;0;0;1;0;16;0;0;84;19;2;23;0
192;81;16;9;99;1;75;0;0;4;0;24;1;0;0;2;0;11;1;0;81;32;1;19;0
193;102;36;14;180;1;72;0;0;3;0;51;1;2;0;9;1;17;0;0;93;85;1;44;1
194;107;36;25;183;2;113;0;0;6;1;41;3;3;0;6;0;21;3;0;151;46;0;33;1
195;88;16;15;125;1;89;0;0;8;0;33;0;0;1;2;0;9;0;0;83;18;0;28;1
196;36;26;11;77;4;52;0;0;3;0;30;0;2;0;4;0;15;2;0;60;37;0;19;2
197;89;21;20;143;1;98;0;0;4;0;43;1;0;0;11;0;17;0;0;108;44;2;34;1
198;87;10;8;90;27;38;0;0;1;0;30;0;1;1;8;2;9;4;0;64;31;1;11;1
199;103;11;21;113;4;63;0;0;2;1;25;0;0;0;5;0;17;3;0;85;73;1;30;3
200;72;10;9;75;2;37;0;0;2;0;14;1;1;0;4;0;21;0;0;61;34;0;22;0
201;57;26;24;102;5;50;0;0;4;4;33;1;1;0;5;0;18;7;0;76;36;1;29;0
202;111;15;14;65;4;46;0;0;7;1;16;1;1;0;9;0;16;1;0;71;69;0;26;2
203;81;12;20;119;6;61;0;0;3;0;28;0;2;0;4;0;10;0;0;78;39;0;24;0
204;74;6;24;76;3;47;0;0;0;0;10;1;1;0;4;2;28;3;0;74;39;0;17;0
205;86;26;26;123;4;79;0;0;3;0;26;4;0;0;7;0;16;2;0;97;35;0;27;1
206;85;26;20;105;1;55;0;0;5;0;35;0;2;0;6;0;15;5;0;68;56;0;42;3
207;113;38;28;98;2;52;0;0;5;2;27;0;0;1;10;1;13;9;0;122;76;0;43;2
208;49;22;22;108;2;29;0;0;0;0;41;1;0;0;6;1;12;2;0;81;27;0;14;2
209;96;13;13;87;1;34;0;0;0;1;20;0;0;0;3;0;20;1;0;85;28;1;24;1
210;66;13;12;93;4;66;0;0;3;0;19;0;0;0;8;1;17;3;0;86;47;1;30;2
211;88;12;17;112;3;58;0;0;2;0;46;2;1;0;2;0;19;0;0;84;53;0;28;0
212;84;22;11;105;5;51;0;0;2;0;34;0;0;0;2;0;31;3;0;73;47;1;12;0
213;116;23;13;125;2;58;0;0;2;0;24;1;0;1;2;0;20;1;0;88;59;0;30;1
214;67;10;26;138;0;67;0;0;4;0;24;1;0;0;9;1;11;0;0;76;39;1;42;1
215;73;22;23;144;1;84;0;0;2;1;37;0;1;0;4;3;14;0;0;99;28;0;55;2
216;56;22;15;106;3;45;0;0;3;1;26;1;1;0;4;1;9;0;0;62;36;0;40;1
217;77;10;17;114;0;74;0;0;5;0;23;0;1;0;8;0;13;1;0;80;22;0;44;2
218;40;9;13;107;0;70;0;0;5;0;30;0;0;0;4;0;5;1;0;45;17;0;49;1
219;66;16;28;179;4;100;0;0;5;0;50;0;0;1;3;0;17;0;0;89;37;0;34;0
220;69;24;24;108;2;48;0;0;3;0;23;0;0;0;1;0;17;2;0;99;23;0;48;2
221;42;14;14;118;1;58;0;0;10;0;26;3;2;0;1;0;15;4;0;72;28;0;46;2
222;68;18;17;136;6;70;0;0;2;0;31;3;0;0;3;1;17;0;0;69;27;0;35;2
223;74;18;22;218;0;120;0;0;5;0;43;2;0;1;3;0;17;1;0;139;44;1;45;3
224;75;11;15;93;4;63;0;0;4;2;26;2;0;0;3;0;12;2;0;69;37;0;35;1
225;86;12;8;85;0;61;0;0;3;0;42;0;0;0;0;0;8;0;0;64;23;0;34;1
226;67;49;28;211;3;111;0;0;7;0;45;0;1;0;2;1;23;2;0;118;45;0;52;2
227;70;27;28;170;2;113;0;0;1;0;42;2;0;0;4;0;19;1;0;85;31;0;38;1
228;72;20;25;165;1;89;0;0;4;0;33;1;0;0;7;1;7;1;0;71;28;1;50;0
229;63;24;18;187;2;71;0;0;6;1;42;5;0;0;3;1;10;1;0;110;20;0;50;0
230;66;31;16;180;0;111;0;0;9;0;45;1;0;0;3;0;14;1;0;88;26;1;52;0
231;58;21;27;115;0;53;0;0;6;3;31;1;1;0;3;0;11;1;0;54;28;0;49;0
232;65;12;17;93;1;35;0;0;3;0;18;0;0;0;7;0;13;1;0;58;35;0;23;3
233;63;12;16;99;2;61;0;0;2;0;28;0;3;0;3;0;16;3;0;80;36;0;32;1
234;48;4;7;78;2;50;0;0;5;1;26;0;0;0;1;0;3;3;0;53;22;1;23;0
235;47;21;16;128;3;84;0;0;5;0;31;0;0;0;2;0;13;3;0;90;29;1;27;0
236;82;30;16;115;6;96;0;0;2;2;32;1;0;0;4;0;16;0;0;69;34;0;36;3
237;75;18;11;137;1;64;0;0;2;0;43;3;0;0;3;1;24;5;0;103;42;0;23;2
238;93;17;18;118;3;46;0;0;7;3;40;0;0;0;6;0;18;2;0;78;69;0;21;1
239;94;16;19;75;6;49;0;0;2;2;44;0;2;0;7;0;21;1;0;90;35;0;31;1
240;95;11;6;114;1;58;0;0;6;3;20;1;0;0;11;0;13;0;0;67;34;0;12;3
241;83;12;19;80;2;40;0;0;2;2;19;1;0;0;3;0;10;0;0;52;32;2;29;1
242;82;17;8;105;3;63;0;0;6;1;27;0;1;0;2;0;14;1;0;83;34;0;16;2
243;98;24;26;97;3;64;0;0;6;3;20;0;3;0;2;0;22;3;0;71;68;1;37;1
244;87;15;14;148;4;90;0;0;2;0;39;2;0;0;4;0;21;2;0;109;48;0;23;1
245;48;10;16;131;9;63;0;0;3;0;44;0;0;0;3;1;10;0;0;71;32;0;17;1
246;102;46;39;249;5;116;0;0;5;2;65;1;0;1;8;0;22;1;0;131;50;0;64;0
247;42;15;9;129;3;90;0;0;1;0;36;0;0;0;5;1;15;0;0;96;30;0;30;2
248;20;20;35;66;1;34;0;0;5;0;8;0;1;0;2;0;15;5;0;57;14;0;17;0
249;37;8;15;95;4;38;0;0;2;1;27;1;0;0;1;0;9;1;0;33;13;0;27;3
250;20;12;10;71;0;26;0;0;2;0;18;1;0;0;2;0;3;0;0;29;7;0;15;0
251;25;11;10;70;0;37;0;0;2;0;10;1;0;0;1;1;7;2;0;28;17;0;19;0
252;30;10;3;52;0;15;0;0;1;0;14;0;0;0;3;0;5;1;0;28;7;0;9;0
253;26;11;10;84;5;34;0;0;2;0;24;1;0;0;1;0;4;1;0;34;14;1;31;0
254;36;12;10;78;1;31;0;0;3;2;11;0;0;0;0;0;4;0;0;39;16;2;10;1
255;17;8;8;75;4;26;0;0;2;0;13;0;0;1;0;0;5;3;0;42;14;0;25;1
256;30;21;16;84;3;38;0;0;2;1;16;4;0;0;10;0;6;3;0;50;22;1;20;2
257;43;14;14;97;8;37;0;0;3;0;24;1;0;0;4;1;5;2;0;43;28;0;26;1
258;43;14;11;62;3;36;0;0;2;0;15;2;0;0;1;1;9;0;0;33;24;0;18;0
259;36;17;12;89;3;50;0;0;1;0;11;2;2;0;10;0;9;0;0;45;40;0;28;1
260;41;9;19;88;4;43;0;0;3;1;28;0;1;3;2;0;2;1;0;31;26;0;25;0
261;30;5;12;82;4;35;0;0;3;1;25;1;1;0;4;1;10;0;0;30;19;0;23;1
262;33;12;6;58;1;24;0;0;1;0;13;1;0;0;1;0;6;3;0;47;25;2;28;2
263;40;5;11;80;2;38;0;0;1;0;14;1;0;0;1;1;13;0;0;34;18;0;13;1
264;43;17;23;95;2;48;0;0;3;0;36;1;2;0;1;1;13;3;0;49;21;0;45;1
265;63;14;16;92;4;47;0;0;2;1;14;2;1;0;4;0;10;7;0;48;20;0;25;1
266;38;20;8;94;3;36;0;0;2;0;23;0;0;0;2;0;5;1;0;60;28;0;22;1
267;44;18;12;99;3;55;0;0;3;0;16;0;0;0;5;0;12;1;0;51;39;0;33;0
268;69;25;21;98;1;39;0;0;1;2;31;1;0;0;2;1;17;1;0;75;36;0;29;0
269;61;30;20;95;1;47;0;0;4;1;31;2;2;0;3;0;17;3;0;52;25;1;39;0
270;43;15;14;132;2;42;0;0;1;0;24;0;1;0;9;0;21;1;0;76;24;1;22;0
271;40;15;12;62;2;32;0;0;4;1;17;0;0;0;0;0;11;1;0;40;17;0;15;0
272;57;24;21;156;6;69;0;0;4;0;28;0;1;2;3;0;12;1;0;75;26;1;35;1
273;51;21;24;146;3;68;0;0;1;0;16;1;1;0;9;0;9;3;0;68;31;0;47;1
274;40;21;20;103;2;52;0;0;4;0;26;0;0;0;5;0;10;1;0;50;29;2;34;1
275;51;32;30;123;4;58;0;0;3;1;27;0;1;0;4;0;15;1;0;50;22;0;38;1
276;37;15;8;105;0;54;0;0;2;0;19;4;1;0;2;0;8;1;0;47;27;1;32;1
277;49;14;13;163;7;76;0;0;3;0;29;0;0;0;2;0;19;2;0;60;24;0;28;0
278;39;10;11;64;2;59;0;0;1;0;20;2;0;1;2;0;8;2;0;27;28;0;21;0
279;36;22;8;94;2;32;0;0;0;0;22;2;0;0;2;0;8;2;0;40;20;0;22;0
280;35;10;8;42;0;15;0;0;0;1;14;0;0;0;2;0;7;5;0;47;14;0;19;1
281;45;19;12;95;6;60;0;0;2;0;25;2;1;0;3;0;5;1;0;44;21;0;37;0
282;39;10;12;75;1;40;0;0;8;2;12;2;1;0;2;0;9;1;0;30;20;0;15;0
283;80;19;18;207;2;120;0;0;3;0;48;0;0;1;5;1;15;2;0;76;25;1;36;0
284;38;20;19;164;0;71;0;0;3;0;42;0;0;0;1;1;14;0;0;69;19;0;29;0
285;57;24;12;216;4;113;0;0;6;0;46;1;0;1;2;0;13;2;0;94;28;2;52;3
286;43;24;13;103;3;63;0;0;3;0;31;1;0;0;2;0;1;0;0;40;17;0;24;0
287;28;7;5;76;1;51;0;0;3;0;28;3;0;0;3;0;3;2;0;39;18;0;32;0
288;28;8;10;64;0;34;0;0;5;0;14;0;0;0;2;0;0;2;0;32;11;0;22;0
289;38;13;8;84;4;35;0;0;5;2;19;0;0;0;3;0;5;1;0;33;20;0;32;0
290;25;8;11;66;2;21;0;0;0;0;16;1;0;0;0;0;9;3;0;45;13;0;17;0
291;57;16;22;132;0;86;0;0;4;0;28;0;0;0;3;0;14;1;0;57;34;0;32;1
292;114;39;15;204;2;80;0;0;3;0;46;4;0;0;7;1;19;3;0;140;68;0;46;1
293;74;17;20;132;3;72;0;0;6;0;23;0;0;0;4;0;20;2;0;74;41;2;26;1
294;95;26;12;151;0;94;0;0;5;0;30;2;0;0;8;0;15;1;0;95;53;0;41;2
295;90;22;10;142;1;90;0;0;2;0;43;1;0;0;10;0;18;1;0;87;56;1;28;0
296;60;24;21;78;2;45;0;0;6;1;29;1;0;1;3;0;13;2;0;71;57;0;34;0
297;52;12;14;93;4;40;0;0;1;0;12;1;1;0;4;0;11;1;0;71;27;0;22;0
298;41;20;14;86;1;52;0;0;0;0;17;1;0;0;5;0;10;5;0;45;29;0;31;0
299;61;28;11;141;1;41;0;0;7;1;29;0;0;0;6;0;14;2;0;63;18;0;35;1
300;55;20;18;147;3;57;0;0;2;1;43;0;0;0;3;0;7;2;0;68;24;0;35;0
301;64;32;20;201;1;89;0;0;8;0;40;2;0;1;2;1;24;1;0;113;35;0;48;2
302;71;21;20;175;4;47;0;0;2;2;54;1;0;0;4;0;8;1;0;87;47;0;68;2
303;67;16;19;106;0;46;0;0;2;0;16;0;0;0;3;0;18;1;0;69;36;0;33;1
304;35;12;11;54;3;29;0;0;3;0;13;0;0;0;0;0;9;3;0;41;26;0;13;1
305;44;2;12;65;1;36;0;0;5;0;10;0;0;0;4;0;3;2;0;46;21;0;15;0
306;82;16;10;150;6;61;0;0;5;0;22;0;1;0;7;1;14;1;0;94;50;0;36;2
307;51;14;17;119;1;68;0;0;3;0;28;1;2;0;4;0;23;2;0;94;43;0;42;0
308;72;32;17;161;4;59;0;0;2;1;24;1;0;0;7;2;12;2;0;81;26;1;37;1
309;64;29;29;209;3;105;0;0;5;1;53;1;0;0;7;3;7;3;0;125;41;0;48;0
310;51;44;28;294;1;120;0;0;8;1;53;1;1;1;6;0;14;0;0;144;37;0;52;0
311;57;20;26;173;5;72;0;0;2;0;23;1;3;1;8;0;21;1;0;111;42;0;37;0
312;35;18;6;60;11;40;0;0;1;0;20;2;0;0;3;0;7;2;0;40;13;0;7;0
313;93;13;17;195;2;96;0;0;3;0;47;2;0;1;5;0;21;1;0;113;41;0;55;3
314;89;20;36;187;6;106;0;0;10;1;40;1;0;1;6;0;24;1;0;115;21;1;42;3
315;58;11;18;133;4;74;0;0;4;0;28;0;0;0;4;0;11;1;0;86;25;0;24;2
316;70;34;35;133;3;53;0;0;5;0;30;0;0;0;2;2;14;2;0;91;31;0;60;1
317;103;29;18;108;4;39;0;0;4;0;37;3;4;1;7;0;18;5;0;62;79;0;29;1
318;76;39;23;143;4;69;0;0;5;0;35;4;0;0;3;1;14;3;0;93;57;0;46;0
319;110;21;30;116;2;55;0;0;5;0;32;0;0;1;8;1;18;3;0;89;61;0;48;0
320;75;32;33;156;3;77;0;0;8;3;33;1;0;0;3;0;20;4;0;98;33;2;51;3
321;88;25;24;148;4;62;0;0;8;1;35;0;0;0;7;0;15;1;0;71;34;0;49;1
322;74;26;35;189;1;59;0;0;2;1;44;1;1;0;6;1;25;3;0;108;29;0;68;4
323;72;25;27;107;5;56;0;0;10;0;34;2;0;0;4;0;28;2;0;102;55;0;50;2
324;77;28;15;163;4;65;0;0;5;0;56;0;1;0;5;1;22;11;0;92;51;1;48;0
325;116;27;27;123;1;86;0;0;3;0;37;0;1;0;11;1;18;2;0;90;58;0;43;2
326;66;16;28;133;3;54;0;0;5;0;25;0;1;0;7;1;23;1;0;100;35;0;33;1
327;72;18;25;95;6;34;0;0;8;0;24;4;0;0;2;1;24;3;0;74;48;0;24;1
328;78;41;35;185;7;102;0;0;12;0;36;2;1;1;6;2;18;3;0;124;27;0;42;1
329;71;34;25;136;3;84;0;0;2;1;40;3;0;1;5;0;17;3;0;116;29;0;54;0
330;116;53;41;357;6;237;0;0;5;3;39;3;2;1;12;1;59;8;0;262;85;0;54;3
331;47;19;7;72;1;49;0;0;4;0;18;3;1;0;3;0;12;2;0;74;32;1;13;0
332;51;4;9;70;3;103;0;0;1;0;21;0;2;0;5;0;11;0;0;84;40;0;12;1
333;78;14;26;94;2;189;0;0;0;2;16;0;0;0;3;1;13;2;0;96;57;1;29;0
334;91;7;17;58;2;77;0;0;8;2;7;1;3;0;4;0;15;2;0;83;47;0;14;1
335;43;1;12;45;2;59;0;0;2;0;6;1;0;1;3;0;9;4;0;45;9;0;7;0
336;79;32;33;154;4;163;0;0;6;1;57;1;1;0;1;0;27;0;0;94;48;0;48;1
337;64;18;21;140;0;122;0;0;4;0;20;3;0;0;2;0;13;2;0;58;33;1;26;0
338;66;19;15;115;1;101;0;0;6;2;26;1;1;0;7;1;18;2;0;63;46;0;18;3
339;69;31;50;123;4;119;0;0;3;1;22;0;1;0;4;2;34;3;0;130;35;0;28;1
340;64;28;19;146;2;91;0;0;8;1;32;2;0;0;4;1;31;6;0;135;35;1;41;0
341;56;21;15;149;0;98;0;0;2;0;32;2;0;1;6;0;21;1;0;121;28;0;26;0
342;64;16;14;127;4;86;0;0;5;1;32;1;2;0;6;2;27;3;0;114;26;0;23;1
343;56;35;26;284;2;115;0;0;6;0;46;0;4;0;5;0;24;4;0;139;32;2;31;0
344;73;30;30;166;7;101;0;0;6;2;45;3;2;0;14;2;31;3;0;155;42;0;40;0
345;72;11;16;190;6;67;0;0;5;1;19;1;1;0;6;0;21;2;0;74;24;3;36;0
346;57;21;23;142;4;93;0;0;7;1;21;0;1;0;4;0;21;0;0;100;39;0;28;0
347;16;8;3;26;0;9;0;0;1;0;3;0;0;0;0;0;5;0;0;10;7;0;6;0
348;35;20;14;113;3;68;0;0;2;0;26;0;0;0;4;0;25;1;0;73;27;0;30;1
349;50;29;14;146;2;88;0;0;9;0;20;0;1;0;7;0;17;2;0;100;7;0;50;1
350;83;8;14;103;1;78;0;0;1;0;25;3;1;0;7;1;16;0;0;90;38;0;20;0
351;83;20;24;265;5;132;0;0;9;2;57;4;0;0;3;2;31;1;0;130;27;0;57;0
352;57;16;21;153;1;78;0;0;1;1;43;1;0;0;3;2;18;2;0;87;51;0;30;1
353;71;10;10;93;1;45;0;0;1;2;19;1;0;0;3;1;9;2;0;65;43;0;19;0
354;72;15;14;60;2;53;0;0;5;0;24;2;0;0;4;1;11;0;0;69;98;0;23;3
355;69;28;28;283;6;104;0;0;5;0;34;3;2;0;7;0;20;1;0;135;27;0;59;0
356;49;17;15;66;5;23;0;0;2;0;21;0;0;0;2;0;13;1;0;59;36;0;34;0
357;24;5;6;31;3;11;0;0;0;0;8;0;1;0;0;1;7;2;0;26;6;0;4;1
358;104;20;19;169;4;106;0;0;6;0;36;2;2;0;4;0;33;4;0;166;60;0;33;0
359;147;31;41;169;0;75;0;0;10;1;50;0;2;0;10;0;32;7;0;168;95;0;37;1
360;44;38;20;168;3;74;0;0;0;1;23;2;0;0;0;1;15;0;0;109;17;0;27;0
361;37;9;9;68;2;48;0;0;1;0;13;1;0;0;0;1;9;0;0;42;19;0;10;0
362;44;16;19;88;3;43;0;0;5;1;19;1;2;0;4;0;11;1;0;44;58;0;54;2
363;59;25;20;108;2;60;0;0;2;0;30;1;2;0;1;0;14;1;0;61;43;0;61;1
364;84;22;14;135;0;47;0;0;6;2;31;0;1;0;4;0;23;1;0;61;36;0;52;4
365;86;33;19;157;0;82;0;0;3;0;49;1;1;0;8;0;12;3;0;74;59;0;48;0
366;51;24;22;136;1;58;0;0;12;0;36;2;2;0;6;0;14;2;0;80;35;0;57;2
367;33;12;15;156;0;56;0;0;4;1;28;0;1;0;5;0;8;0;0;48;28;0;61;0
368;45;14;7;113;2;43;0;0;2;3;12;0;0;0;2;0;10;1;0;40;33;0;34;0
369;52;30;20;180;0;67;0;0;11;0;53;0;1;1;6;1;14;3;0;73;26;0;69;2
370;77;31;19;183;4;61;0;0;3;0;46;0;1;0;5;0;21;3;0;81;34;0;76;0
371;34;12;23;110;0;37;0;0;1;0;31;0;0;0;0;0;7;1;0;44;19;0;57;0
372;61;19;28;184;0;55;0;0;3;0;53;0;0;0;6;0;13;1;0;71;45;0;51;1
373;42;14;16;129;4;57;0;0;1;0;35;2;1;0;6;0;19;1;0;55;15;0;54;1
374;26;11;6;67;2;36;0;0;1;0;25;1;0;0;3;0;7;2;0;25;14;0;23;0
375;63;23;32;181;3;71;0;0;4;0;24;0;0;0;7;0;20;3;0;90;36;0;76;4
376;66;14;20;130;1;61;0;0;5;0;31;0;0;0;4;0;10;1;0;46;27;0;50;1
377;43;14;16;98;1;72;0;0;3;0;23;1;0;0;6;0;14;1;0;39;18;1;40;2
378;38;12;13;133;0;36;0;0;2;0;32;3;1;0;0;0;9;1;0;69;23;0;38;0
379;41;11;11;94;2;50;0;0;3;2;37;1;0;0;6;0;8;2;0;37;30;0;35;1
380;39;15;8;102;3;57;0;0;0;0;23;1;0;0;1;0;6;1;0;39;21;0;29;2
381;55;22;11;174;2;75;0;0;6;1;34;0;0;0;6;0;12;1;0;45;37;1;49;2
382;44;26;28;121;2;52;0;0;5;1;38;0;0;0;0;0;14;2;0;45;25;0;35;2
383;63;24;21;97;2;51;0;0;7;0;29;1;0;2;2;2;7;1;0;53;60;0;38;1
384;57;13;15;114;2;57;0;0;2;0;21;2;0;2;3;0;12;2;0;58;34;1;32;1
385;59;17;11;182;1;95;0;0;4;0;37;0;1;0;3;0;16;1;0;70;13;0;68;0
386;93;23;25;182;1;98;0;0;8;1;56;1;0;0;5;0;8;2;0;56;41;0;55;1
387;100;16;27;266;2;128;0;0;7;2;80;0;1;0;2;0;16;1;0;94;40;0;72;0
388;40;19;16;158;4;83;0;0;4;0;36;0;0;0;8;0;12;3;0;41;17;0;44;0
389;31;23;16;131;1;62;0;0;1;0;33;0;1;0;3;1;11;0;0;48;16;0;37;0
390;27;10;8;107;0;53;0;0;2;0;23;2;0;0;2;0;11;0;0;31;11;0;41;0
391;28;23;12;188;1;99;0;0;4;0;26;0;0;0;6;1;6;0;0;42;8;1;37;1
392;58;18;4;168;0;77;0;0;5;0;41;0;1;0;4;1;16;0;0;35;25;2;47;0
393;44;14;13;145;3;76;0;0;2;0;38;0;0;0;3;0;17;0;0;60;14;0;24;1
394;33;7;5;88;0;38;0;0;2;1;29;1;0;0;2;2;9;0;0;65;28;0;38;3
395;104;44;19;270;3;105;0;0;6;2;69;1;1;3;7;0;21;3;0;167;79;0;65;2
396;79;20;28;137;1;60;0;0;4;1;58;3;0;0;3;0;17;6;0;73;34;0;60;4
397;65;19;14;113;1;62;0;0;3;0;38;2;0;0;4;0;8;0;0;58;47;0;33;0
398;54;8;15;156;2;61;0;0;3;1;28;2;0;0;2;1;8;0;0;53;39;0;35;0
399;46;12;8;115;0;59;0;0;4;1;48;0;0;0;2;0;4;0;0;59;25;0;31;1
400;31;9;6;127;3;42;0;0;1;0;30;0;0;0;0;0;4;0;0;25;9;0;29;0
401;87;12;9;58;2;42;0;0;4;0;26;0;0;0;7;0;8;1;0;60;70;0;21;1
402;51;7;10;81;2;40;0;0;1;0;11;0;0;0;2;1;3;1;0;32;16;0;36;0
403;121;13;11;145;1;71;0;0;3;0;35;2;0;0;9;0;13;0;0;86;62;0;30;2
404;36;17;12;144;0;86;0;0;4;0;38;1;0;0;4;0;4;2;0;71;26;0;39;1
405;36;16;7;115;2;66;0;0;2;0;36;3;0;1;2;0;4;0;0;36;22;0;32;1
406;47;17;14;235;0;91;0;0;2;0;58;0;0;0;1;0;12;0;0;62;15;0;65;4
407;49;18;31;176;4;88;0;0;3;1;52;0;0;0;1;0;8;1;0;71;33;0;41;1
408;54;12;9;120;1;50;0;0;5;1;33;1;0;0;7;0;11;0;0;44;10;1;27;0
409;89;17;18;100;2;73;0;0;3;1;33;1;0;0;6;0;12;3;0;81;70;0;50;3
410;123;19;26;96;0;47;0;0;1;0;31;0;0;1;7;0;13;8;0;78;239;0;47;0
411;133;15;27;128;2;52;0;0;2;0;88;0;1;0;9;0;20;1;0;73;131;2;40;2
412;41;16;6;62;2;36;0;0;2;4;18;0;0;0;1;1;16;2;0;48;41;1;35;1
413;67;16;15;97;1;47;0;0;0;1;37;2;0;0;2;0;4;0;0;50;51;1;35;10
414;65;24;18;103;2;53;0;0;2;1;27;0;0;0;3;2;11;1;0;55;34;0;54;0
415;66;5;4;53;1;28;0;0;2;0;18;0;0;0;5;0;5;1;0;48;22;0;19;3
416;58;10;15;106;1;40;0;0;1;0;11;0;0;0;2;0;11;2;0;65;27;1;30;0
417;36;8;16;92;2;40;0;0;3;0;21;0;0;0;2;0;2;0;0;47;18;0;42;0
418;75;25;32;196;2;90;0;0;1;0;32;0;0;0;4;0;12;0;0;66;38;0;48;0
419;67;9;7;126;2;56;0;0;10;0;22;0;0;0;3;0;8;0;0;72;41;0;33;0
420;39;10;11;75;0;26;0;0;0;0;17;0;0;0;1;0;7;0;0;33;13;0;29;1
421;58;20;13;106;3;50;0;0;3;0;24;0;1;0;6;0;6;0;0;48;29;0;36;0
422;23;14;10;77;1;33;0;0;1;0;10;0;0;0;4;0;7;1;0;32;26;0;25;0
423;56;14;10;111;4;48;0;0;5;1;21;1;0;0;4;0;11;1;0;42;29;0;28;2
424;53;39;20;191;2;85;0;0;2;2;50;0;0;1;8;0;8;0;0;67;29;0;51;0
425;47;15;18;115;2;58;0;0;4;0;27;2;1;0;1;0;2;1;0;47;21;0;44;0
426;47;21;17;147;2;58;0;0;3;0;68;0;0;0;5;0;8;0;0;58;28;1;37;0
427;86;16;23;165;5;106;0;0;3;0;35;1;0;0;1;1;20;0;0;104;51;0;46;3
428;51;26;19;168;3;81;0;0;3;1;19;2;0;0;7;0;14;1;0;78;35;0;23;1
429;47;22;21;93;0;44;0;0;2;1;18;1;0;0;3;0;16;2;0;87;28;0;20;1
430;55;31;14;169;3;104;0;0;3;1;49;1;0;1;4;0;24;1;0;109;49;0;60;1
431;134;30;32;236;7;102;0;0;4;2;46;8;3;0;7;0;48;22;0;162;93;2;66;5
432;102;15;22;75;1;43;0;0;4;0;14;1;0;0;10;0;17;5;0;90;95;0;35;2
433;84;17;17;102;4;48;0;0;3;1;17;1;1;1;4;1;24;1;0;80;72;0;20;1
434;118;19;16;81;1;48;0;0;2;0;16;0;0;0;10;0;10;3;0;77;89;0;24;0
435;98;43;40;222;1;106;0;0;11;0;52;1;0;1;6;0;18;0;0;121;52;0;76;1
436;109;24;16;128;1;73;0;0;7;0;19;2;2;0;6;0;15;0;0;83;55;0;48;1
437;45;11;17;111;2;46;0;0;2;0;38;2;2;0;2;2;17;1;0;54;18;0;35;9
438;47;11;31;117;0;47;0;0;3;0;30;2;0;0;2;0;15;2;0;60;20;2;38;3
439;79;19;10;76;1;40;0;0;2;0;12;0;1;0;2;1;17;0;0;69;113;0;27;0
440;79;18;19;193;1;76;0;0;5;1;34;1;1;2;4;0;16;1;0;79;70;0;49;0
441;64;33;21;199;5;113;0;0;3;0;36;1;0;0;4;0;21;0;0;95;41;0;48;1
442;99;20;20;170;3;84;0;0;8;0;36;2;0;0;5;0;19;1;0;100;54;0;52;0
443;67;13;17;85;2;48;0;0;3;1;16;1;0;0;6;0;13;1;0;65;52;0;29;0
444;66;8;17;73;1;47;0;0;2;0;11;2;0;0;5;0;12;1;0;60;56;0;23;2
445;66;8;14;72;0;50;0;0;1;0;12;1;1;1;2;1;9;3;0;50;59;1;15;0
446;73;15;13;88;0;52;0;0;1;0;21;1;1;0;5;1;18;0;0;72;47;0;23;2
447;60;2;8;57;0;42;0;0;3;0;14;0;1;0;0;0;8;0;0;36;31;0;22;1
448;74;5;26;91;1;47;0;0;4;0;32;1;2;0;2;0;5;2;0;52;53;0;32;1
449;55;28;15;165;1;79;0;0;5;0;28;2;1;0;4;0;7;1;0;65;48;1;39;0
450;66;15;18;128;1;62;0;0;7;0;15;1;0;1;7;0;6;1;0;63;56;1;51;0
451;55;14;13;81;1;51;0;0;3;0;21;1;1;0;2;1;9;1;0;65;37;0;34;0
452;58;24;18;121;0;56;0;0;3;0;12;0;1;0;3;0;14;0;0;68;28;0;32;0
453;76;14;15;104;0;79;0;0;4;0;29;1;0;0;1;0;7;0;0;55;49;0;35;0
454;81;8;17;109;1;54;0;0;2;1;19;1;1;0;9;0;8;0;0;60;64;0;43;4
455;46;12;4;69;1;37;0;0;7;1;24;0;0;0;1;0;8;0;0;29;27;0;13;4
456;93;18;16;75;0;67;0;0;3;0;29;0;0;0;2;0;15;1;0;58;67;0;29;1
457;103;26;25;208;2;112;0;0;5;1;59;1;0;0;8;0;19;4;0;105;56;0;63;1
458;44;6;12;95;1;56;0;0;6;0;28;0;0;0;7;0;5;0;0;53;20;0;22;1
459;61;24;12;118;0;56;0;0;5;0;30;0;1;0;3;0;10;0;0;60;30;0;22;0
460;80;7;20;86;0;41;0;0;7;0;38;1;0;1;3;0;9;0;0;52;52;0;20;0
461;62;7;5;90;2;43;0;0;2;1;19;1;0;0;4;0;7;0;0;51;45;0;20;1
462;69;5;15;146;0;66;0;0;3;0;24;0;0;1;3;0;11;0;0;83;31;1;55;0
463;60;6;9;60;1;32;0;0;1;0;19;1;0;0;4;0;5;1;0;21;29;1;20;0
464;92;20;18;126;1;59;0;0;5;1;41;0;0;0;8;0;14;0;0;85;50;0;39;2
465;19;4;8;45;1;25;0;0;2;0;7;0;1;0;0;0;8;3;0;45;3;0;28;0
466;65;16;13;191;1;56;0;0;6;0;53;1;0;1;8;0;17;2;0;92;26;1;54;3
467;72;17;23;131;1;66;0;0;0;1;20;1;0;0;2;2;22;2;0;98;63;0;49;0
468;68;10;18;136;1;94;0;0;1;2;23;3;0;0;2;0;12;2;0;109;51;1;27;0
469;26;11;12;68;0;36;0;0;1;0;20;1;0;0;1;0;12;0;0;79;17;0;15;0
470;123;20;24;139;6;78;0;0;6;1;37;0;1;0;11;1;29;4;0;129;85;0;28;1
471;101;23;26;148;3;78;0;0;3;1;62;2;2;0;8;1;16;5;0;140;71;1;22;2
472;83;16;11;73;0;49;0;0;2;0;15;1;0;1;6;0;9;1;0;65;60;1;22;0
473;121;35;40;147;2;60;0;0;6;2;31;2;0;0;6;0;22;4;0;162;79;0;33;2
474;116;23;31;92;0;76;0;0;6;0;26;4;2;1;5;0;13;9;0;104;79;1;34;2
475;89;20;8;80;1;43;0;0;3;1;11;0;0;0;2;0;17;0;0;108;54;0;23;1
476;92;16;18;127;1;74;0;0;6;0;25;1;0;0;3;0;23;3;0;100;54;0;40;0
477;126;32;21;72;3;27;0;0;4;0;25;0;0;0;8;0;26;6;0;115;95;2;28;1
478;107;17;13;85;3;38;0;0;4;0;13;1;0;0;10;0;18;3;0;95;61;0;16;0
479;103;33;22;124;4;65;0;0;4;0;33;1;1;1;13;0;26;8;0;165;61;1;38;0
480;75;26;18;118;6;30;0;0;2;0;28;2;0;0;11;0;19;1;0;102;69;2;38;1
481;148;42;38;114;3;77;0;0;3;3;28;1;3;0;6;0;26;4;0;130;95;0;52;1
482;113;28;39;134;4;43;0;0;10;2;58;0;0;0;9;3;22;3;0;119;93;2;41;2
483;116;37;25;139;7;78;0;0;8;1;29;0;2;0;6;0;37;2;0;152;82;0;43;2
484;89;23;35;162;2;64;0;0;3;1;41;0;1;0;3;0;20;3;0;93;61;0;46;0
485;105;38;41;170;4;80;0;0;3;0;49;0;1;1;10;0;26;3;0;128;59;0;63;1
486;102;43;29;97;5;50;0;0;2;0;31;4;1;1;6;1;16;3;0;116;110;0;25;1
487;82;24;16;151;1;104;0;0;9;0;34;0;0;0;4;0;15;1;0;93;26;0;49;1
488;88;34;18;153;1;65;0;0;2;2;30;2;0;0;6;2;16;0;0;131;40;0;41;1
489;95;24;22;191;1;57;0;0;5;0;26;1;0;0;3;0;24;1;0;133;45;0;64;0
490;64;23;28;196;0;101;0;0;1;0;56;3;0;0;7;0;14;2;0;113;58;0;66;1
491;84;36;13;146;3;57;0;0;1;1;30;2;1;1;7;0;18;1;0;110;43;0;61;2
492;67;11;22;150;1;62;0;0;4;0;53;1;2;0;8;0;7;5;0;113;44;0;58;4
493;69;17;29;130;2;67;0;0;3;0;38;1;0;1;5;0;8;1;0;80;36;0;58;4
494;90;35;31;129;1;79;0;0;2;0;26;1;0;0;4;0;18;8;0;77;28;0;35;0
495;86;23;25;138;5;51;0;0;4;0;27;0;0;0;10;1;18;2;0;101;47;0;53;1
496;97;45;37;209;5;96;0;0;5;1;40;1;1;0;6;1;26;5;0;111;50;2;77;4
497;87;32;32;174;8;86;0;0;7;0;52;4;1;0;7;0;17;2;0;89;37;0;82;2
498;69;27;20;108;1;50;0;0;1;0;23;0;0;0;2;0;9;4;0;67;32;0;27;1
499;80;21;27;147;4;65;0;0;3;0;30;0;2;0;4;0;14;1;0;75;48;1;54;4
500;88;13;20;118;5;69;0;0;2;2;30;1;2;0;5;0;12;3;0;77;44;0;33;1
501;63;21;18;114;6;67;0;0;4;0;10;2;1;0;8;0;19;2;0;93;42;0;51;0
502;57;16;15;76;2;43;0;0;7;1;19;0;0;0;6;0;10;1;0;53;23;0;38;0
503;104;29;29;187;1;83;0;0;5;1;45;2;0;0;7;2;18;6;0;127;62;0;50;2
504;79;19;15;91;0;55;0;0;3;1;33;0;0;0;4;0;32;4;0;85;41;0;30;1
505;98;33;40;140;5;85;0;0;4;1;34;0;0;1;2;0;13;1;0;71;27;0;65;2
506;56;26;17;119;0;61;0;0;4;0;35;2;1;0;5;0;6;1;0;54;30;0;31;0
507;71;20;20;115;3;66;0;0;4;2;38;0;1;0;3;1;11;1;0;72;34;0;40;0
508;106;11;22;116;1;61;0;0;5;0;33;1;1;0;7;0;10;8;0;75;42;0;46;0
509;49;31;25;129;4;83;0;0;6;0;28;3;0;0;4;1;13;4;0;53;22;0;51;0
510;57;24;13;145;4;92;0;0;1;0;43;2;0;0;8;0;12;2;0;59;46;0;47;0
511;42;21;23;128;4;72;0;0;2;1;35;1;0;0;3;0;6;5;0;39;22;0;30;1
512;58;18;24;109;0;46;0;0;1;0;45;2;0;0;1;0;10;4;0;62;31;0;48;1
513;74;25;23;176;4;78;0;0;2;0;56;0;0;0;5;0;14;0;0;74;29;1;58;1
514;33;26;25;102;0;50;0;0;2;0;33;0;1;1;3;0;2;0;0;45;24;0;48;0
515;41;16;24;140;5;63;0;0;2;1;14;5;0;0;5;0;14;1;0;51;16;2;48;0
516;31;21;14;112;3;44;0;0;5;0;19;1;0;0;3;0;6;0;0;40;29;2;59;0
517;53;21;20;127;1;67;0;0;8;0;45;0;0;0;4;0;15;1;0;71;14;0;57;2
518;55;14;21;130;1;65;0;0;3;1;22;2;2;0;4;0;10;2;0;57;18;1;65;0
519;71;19;20;146;1;83;0;0;3;0;38;1;1;0;0;0;11;1;0;55;29;0;92;2
520;51;22;19;159;0;77;0;0;6;0;40;3;0;1;1;0;10;1;0;64;28;1;67;2
521;67;8;20;125;3;70;0;0;7;0;23;1;1;0;4;0;12;4;0;48;38;0;49;1
522;62;24;22;142;4;70;0;0;2;2;39;0;0;0;5;0;13;3;0;67;31;0;69;2
523;50;29;19;167;5;62;0;0;5;1;28;0;0;0;1;0;19;1;0;50;25;0;58;0
524;61;27;31;180;1;83;0;0;5;0;47;4;2;0;3;0;16;2;0;60;37;0;72;3
525;44;20;18;96;2;60;0;0;2;0;29;0;0;1;1;0;10;0;0;50;23;3;43;2
526;44;16;24;115;9;49;0;0;2;1;28;0;0;0;4;1;11;4;0;56;29;0;35;2
527;39;25;28;131;3;54;0;0;6;0;32;0;0;0;2;0;11;4;0;72;31;1;50;2
528;38;7;11;96;0;49;0;0;5;0;24;0;0;0;1;0;7;1;0;40;20;0;34;1
529;51;18;13;204;2;84;0;0;4;0;44;0;0;1;6;1;15;1;0;87;23;0;44;1
530;30;11;13;58;2;30;0;0;0;0;18;0;0;0;2;0;8;1;0;24;19;0;23;0
531;37;10;14;55;1;21;0;0;6;0;23;1;0;0;3;3;11;1;0;27;23;1;23;0
532;44;15;15;84;3;30;0;0;3;0;21;0;1;0;4;0;16;3;0;37;22;0;34;0
533;38;8;8;67;1;30;0;0;0;0;16;3;2;0;3;0;10;1;0;31;19;0;19;0
534;27;10;13;53;2;44;0;0;2;0;21;0;2;0;2;0;7;2;0;40;18;0;33;1
535;19;17;16;53;1;17;0;0;1;0;15;1;0;0;0;0;5;0;0;26;11;0;15;1
536;32;16;13;74;2;43;0;0;5;1;15;1;1;0;4;0;14;2;0;59;25;1;44;0
537;33;9;10;60;0;33;0;0;5;0;12;0;1;0;2;0;9;3;0;39;32;0;14;0
538;41;6;7;54;1;28;0;0;2;1;6;0;2;0;2;0;3;1;0;33;11;0;16;0
539;42;5;8;50;2;28;0;0;1;0;18;0;1;0;1;0;6;3;0;36;12;0;21;0
540;46;8;11;93;0;38;0;0;3;0;8;0;0;0;3;0;8;4;0;52;29;0;20;1
541;25;8;13;46;0;28;0;0;0;0;7;0;0;0;1;7;3;2;0;36;6;0;21;1
542;42;9;17;62;2;42;0;0;2;0;25;1;0;0;5;0;8;1;0;41;18;0;23;1
543;74;13;24;121;4;69;0;0;2;1;19;2;0;0;6;1;17;9;0;72;60;0;32;0
544;65;14;15;101;1;54;0;0;4;0;25;0;0;1;4;0;6;0;0;69;41;0;25;0
545;24;5;3;47;1;18;0;0;1;0;5;0;0;0;4;0;4;1;0;21;12;0;6;0
546;56;22;11;95;1;52;0;0;3;0;25;1;1;0;2;0;17;0;0;63;35;0;25;5
547;34;9;12;61;0;19;0;0;2;0;12;0;0;0;2;1;14;0;0;43;26;0;15;0
548;34;4;12;60;2;29;0;0;2;1;18;0;0;0;6;0;11;2;0;47;20;0;15;0
549;28;18;10;102;3;47;0;0;3;0;14;1;1;0;5;0;11;4;0;49;29;0;35;3
550;21;7;17;69;0;46;0;0;1;0;16;0;0;0;5;0;10;1;0;48;16;0;33;0
551;58;22;31;127;3;57;0;0;6;1;18;0;1;0;8;0;16;2;0;83;43;0;38;2
552;56;6;18;95;1;59;0;0;1;1;19;2;0;0;0;0;11;2;0;40;32;0;30;1
553;46;8;11;78;3;44;0;0;3;3;18;0;0;1;4;0;16;2;0;49;27;1;31;1
554;66;19;22;107;0;47;0;0;3;0;27;2;0;0;4;0;12;2;0;62;30;0;44;0
555;27;9;7;39;4;13;0;0;2;0;6;5;2;0;4;0;8;0;0;32;25;0;11;0
556;65;17;15;86;2;45;0;0;5;0;27;0;2;1;2;0;12;1;0;71;60;0;31;0
557;20;16;9;45;1;12;0;0;4;0;8;0;0;0;2;0;5;0;0;39;16;0;12;0
558;21;4;3;33;1;23;0;0;0;0;6;0;0;0;4;0;2;0;0;25;12;1;13;0
559;34;4;6;35;2;17;0;0;2;0;1;0;0;0;5;1;4;1;0;33;15;0;4;0
560;36;12;13;85;0;32;0;0;2;1;14;1;0;0;2;0;3;1;0;49;27;0;39;0
561;78;18;17;135;0;64;0;0;5;0;30;0;0;0;3;0;19;5;0;84;33;0;25;0
562;33;10;13;51;0;26;0;0;2;1;13;0;0;0;0;0;6;0;0;41;32;0;16;0
563;96;24;18;116;4;57;0;0;3;2;24;0;0;0;7;1;10;0;0;83;48;0;32;1
564;50;5;28;82;0;61;0;0;3;0;21;3;0;0;2;0;16;1;0;53;23;0;32;3
565;52;8;9;101;0;49;0;0;2;0;29;1;0;0;5;0;17;1;0;39;16;0;15;0
566;37;7;19;72;2;38;0;0;4;0;19;0;0;0;1;0;8;1;0;40;20;0;24;0
567;90;23;29;196;2;107;0;0;4;3;40;2;0;1;7;0;23;2;0;81;21;1;38;1
568;23;17;13;103;0;30;0;0;4;0;18;0;1;0;1;0;8;1;0;59;23;1;20;0
569;54;22;9;94;1;84;0;0;2;1;25;0;0;0;1;0;9;0;0;63;26;0;31;0
570;107;45;36;209;0;119;0;0;7;0;58;1;0;0;7;0;26;1;0;157;44;0;60;2
571;88;19;16;166;5;87;0;0;14;0;42;1;2;0;10;0;23;0;0;111;48;0;37;1
572;101;30;20;82;2;39;0;0;3;1;20;3;1;0;4;0;23;1;0;79;72;0;25;2
573;57;11;10;44;3;29;0;0;1;0;10;1;0;0;3;0;14;0;0;35;45;0;15;0
574;120;20;14;98;1;81;0;0;7;1;35;0;1;0;2;0;23;1;0;92;61;0;30;4
575;174;22;15;119;2;94;0;0;4;0;35;2;2;0;9;2;21;3;0;132;108;0;19;1
576;84;19;21;75;0;51;0;0;2;0;29;4;1;0;5;1;12;2;0;50;61;0;24;3
577;70;6;13;43;1;46;0;0;4;1;13;1;0;0;1;0;14;1;0;36;59;0;14;1
578;73;6;11;62;0;24;0;0;1;0;13;3;0;0;2;0;20;0;0;69;89;0;16;0
579;74;14;10;64;2;37;0;0;8;0;26;1;1;0;2;0;8;4;0;52;65;0;21;2
580;79;12;8;83;1;56;0;0;1;0;27;0;1;0;9;0;12;3;0;80;47;1;4;0
581;68;6;12;64;0;46;0;0;3;0;12;0;0;0;9;1;12;5;0;81;67;0;11;1
582;145;15;23;85;4;52;0;0;4;1;13;0;2;0;10;0;26;4;0;111;156;0;26;2
583;115;19;21;133;5;60;0;0;7;2;30;1;1;0;8;2;23;3;0;135;79;1;34;1
584;98;21;20;137;5;98;0;0;7;0;35;1;1;0;6;0;32;0;0;124;40;0;46;5
585;117;19;16;91;1;50;0;0;5;0;19;1;1;0;2;1;19;3;0;87;99;0;22;2
586;29;1;1;17;2;13;0;0;2;0;8;2;2;0;2;1;2;1;0;21;24;0;2;2
587;95;16;15;104;3;71;0;0;6;1;23;1;4;0;6;0;14;2;0;85;71;0;36;0
588;105;25;14;119;4;69;0;0;7;1;40;0;1;0;3;0;20;2;0;91;35;1;25;0
589;87;16;19;72;2;39;0;0;1;0;20;3;1;0;4;2;13;8;0;79;87;2;22;0
590;81;11;10;74;0;29;0;0;5;0;15;0;1;0;3;0;8;0;0;52;59;0;15;2
591;81;17;11;90;0;65;0;0;2;0;27;0;2;0;4;0;10;1;0;68;48;0;28;0
592;77;12;6;64;0;50;0;0;6;0;33;1;0;1;1;0;7;0;0;54;50;0;22;0
593;69;26;32;172;1;115;0;0;9;0;61;0;1;1;7;1;23;5;0;113;32;0;39;0
594;42;20;28;106;1;48;0;0;6;1;37;2;0;1;2;1;12;2;0;79;36;0;26;2
595;53;14;15;115;1;39;0;0;2;0;29;0;0;0;4;0;10;1;0;70;53;1;35;0
596;44;12;12;83;0;41;0;0;3;0;9;0;2;0;3;1;17;0;0;38;32;0;28;1
597;36;18;10;92;0;34;0;0;1;0;30;0;0;0;3;0;10;1;0;48;27;0;15;0
598;47;18;17;145;3;98;0;0;3;0;25;1;0;0;4;2;11;1;0;94;39;0;50;1
599;74;23;12;118;1;99;0;0;2;2;29;0;1;0;6;1;27;2;0;74;33;0;26;0
600;78;15;20;117;2;41;0;0;3;0;31;2;0;0;2;0;23;0;0;88;39;2;21;1
601;60;11;5;80;2;41;0;0;1;0;30;0;2;0;2;0;9;1;0;53;30;0;17;0
602;95;21;12;109;3;65;0;0;5;0;17;1;1;0;4;0;12;1;0;81;58;0;36;0
603;99;16;10;127;3;73;0;0;6;2;39;1;1;0;3;0;15;2;0;92;62;0;25;1
604;100;22;26;111;1;80;0;0;2;1;40;3;0;0;11;1;23;4;0;141;52;0;26;0
605;22;2;1;12;0;7;0;0;1;1;9;1;2;1;6;0;0;0;0;1;15;1;2;0
606;147;46;39;227;1;100;0;0;11;1;35;0;1;0;6;0;31;3;0;134;108;0;58;1
607;103;24;20;158;3;72;0;0;6;1;26;1;1;0;5;1;33;4;0;100;92;0;46;4
608;104;3;2;45;3;37;0;0;8;1;25;0;2;0;5;0;7;1;0;72;54;2;7;0
609;107;10;15;89;0;48;0;0;3;0;43;2;3;0;4;0;31;3;0;96;65;0;36;0
610;72;22;18;133;2;85;0;0;9;1;33;1;2;0;5;1;22;1;0;99;46;1;48;0
611;117;12;29;86;0;47;0;0;2;0;33;1;0;0;13;0;21;1;0;86;97;0;26;1
612;86;16;18;89;4;50;0;0;3;1;16;0;0;0;5;0;13;1;0;107;71;0;23;0
613;55;19;8;73;2;62;0;0;0;0;15;0;0;0;3;0;21;1;0;103;55;0;19;1
614;52;23;19;148;0;71;0;0;1;0;34;1;0;0;2;1;19;1;0;107;50;0;33;1
615;95;7;17;68;0;37;0;0;2;1;21;1;3;0;6;0;16;0;0;70;76;0;23;0
616;89;24;21;126;2;60;0;0;5;1;31;1;0;0;10;1;22;2;0;106;82;2;33;1
617;123;33;26;170;2;86;0;0;6;0;42;0;1;0;10;0;38;7;0;158;81;2;55;4
618;87;11;16;74;1;44;0;0;1;1;23;3;1;0;3;1;42;1;0;81;96;0;24;0
619;74;18;13;80;2;38;0;0;3;0;14;1;1;1;8;1;17;3;0;84;68;0;30;0
620;153;24;37;175;1;88;0;0;3;1;47;1;1;0;6;0;27;8;0;146;96;0;49;4
621;145;40;32;259;0;144;0;0;11;0;61;0;0;0;11;0;23;0;0;154;88;1;54;0
622;153;33;28;134;2;54;0;0;6;0;53;0;1;0;5;0;21;6;0;132;87;1;33;2
623;112;15;25;162;3;96;0;0;6;1;70;0;0;0;16;1;43;7;0;132;72;0;47;2
624;101;11;26;69;2;46;0;0;4;0;20;0;1;0;9;0;22;3;0;98;79;0;34;2
625;75;19;18;61;5;57;0;0;3;0;18;0;0;0;8;1;17;1;0;98;70;0;29;0
626;67;19;7;81;0;54;0;0;2;0;25;0;1;0;5;0;18;0;0;80;77;0;19;2
627;81;14;19;78;3;31;0;0;0;2;19;0;0;0;4;2;23;0;0;66;57;0;24;0
628;102;15;22;83;9;71;0;0;6;1;32;1;2;0;4;0;40;2;0;122;89;0;27;1
629;64;15;16;62;2;36;0;0;2;0;21;0;0;2;4;0;9;1;0;74;40;0;20;0
630;74;10;13;88;0;51;0;0;0;1;24;0;0;0;6;0;18;0;0;71;43;0;25;0
631;68;14;5;81;0;53;0;0;2;0;13;2;0;0;3;0;20;4;0;83;48;0;29;2
632;65;17;6;62;3;29;0;0;5;1;8;3;0;0;6;0;19;3;0;75;84;0;23;0
633;117;17;14;116;5;60;0;0;4;4;36;2;2;0;2;0;33;2;0;136;91;1;33;0
634;139;15;15;135;3;83;0;0;4;1;43;1;0;0;9;0;34;2;0;98;55;0;26;0
635;114;15;11;88;3;39;0;0;4;0;26;0;0;0;11;0;21;5;0;89;101;1;27;1
636;66;30;26;152;1;64;0;0;6;2;44;0;1;0;4;1;23;0;0;104;55;0;44;0
637;41;12;15;59;3;35;0;0;3;1;18;1;1;0;1;0;14;1;0;32;17;0;27;0
638;89;27;15;148;1;78;0;0;4;0;18;0;2;0;15;2;22;1;0;142;60;1;22;0
639;92;29;26;222;3;99;0;0;6;2;29;2;2;0;7;0;13;2;0;126;82;0;40;2
640;116;43;33;222;3;104;0;0;3;4;30;3;2;1;14;0;34;5;0;154;69;0;53;1
641;90;20;26;189;3;124;0;0;2;0;33;4;2;2;4;2;19;5;0;151;46;0;42;1
642;87;41;27;344;2;162;0;0;8;2;52;0;3;0;6;2;23;1;0;217;63;1;49;0
643;12;6;4;28;0;19;0;0;0;0;5;0;0;0;3;0;4;0;0;36;7;0;5;1
644;60;29;18;154;5;81;0;0;4;1;35;1;0;0;3;0;18;2;0;110;38;0;33;1
645;58;6;11;79;3;65;0;0;2;1;19;1;0;0;1;0;2;3;0;53;22;0;25;2
646;83;19;14;99;3;35;0;0;5;2;17;0;0;0;9;0;22;0;0;68;57;0;26;0
647;70;8;12;90;0;33;0;0;2;1;21;0;1;1;3;0;18;1;0;63;45;0;21;0
648;72;10;16;70;0;46;0;0;6;0;27;1;0;0;8;0;15;0;0;74;72;0;17;1
649;33;6;3;34;0;11;0;0;3;1;8;1;0;0;3;1;8;0;0;33;33;0;9;1
650;48;6;9;52;0;29;0;0;3;0;11;1;0;0;1;0;13;3;0;58;45;1;18;0
651;84;16;25;90;6;41;0;0;7;0;23;2;1;2;17;0;41;5;0;103;60;1;34;0
652;101;10;26;71;3;46;0;0;5;0;22;1;2;0;1;0;30;1;0;78;91;0;33;1
653;104;9;15;74;1;45;0;0;4;0;22;0;0;0;8;0;12;5;0;94;61;2;29;1
654;119;26;22;94;3;41;0;0;5;1;26;1;1;0;4;2;24;4;0;114;71;0;17;2
655;85;18;22;87;1;39;0;0;2;0;15;1;2;0;4;1;25;1;0;96;46;0;23;0
656;70;9;11;60;3;45;0;0;2;0;10;0;0;0;2;0;12;1;0;74;36;1;24;1
657;107;15;7;80;2;47;0;0;1;2;9;0;2;0;4;0;22;6;0;96;61;0;24;1
658;126;24;50;147;5;76;0;0;15;0;44;0;0;0;6;2;54;9;0;153;89;0;35;3
659;119;52;44;204;10;92;0;0;6;0;82;2;1;0;11;2;35;9;0;194;62;1;49;1
660;141;33;48;180;1;86;0;0;7;0;50;2;0;0;6;1;45;3;0;152;81;1;39;3
661;120;42;47;186;5;57;0;0;5;4;42;2;4;0;6;0;32;6;0;149;69;1;40;4
662;108;32;43;179;1;87;0;0;5;4;39;3;0;0;12;1;37;8;0;152;40;0;30;0
663;109;41;32;186;8;106;0;0;7;1;33;1;0;0;8;0;40;2;0;150;71;4;49;2
664;146;51;22;355;1;166;0;0;8;2;61;3;0;0;13;1;42;3;0;245;58;0;53;1
665;104;22;24;141;3;74;0;0;1;0;25;5;0;1;6;1;16;0;0;106;57;1;26;0
666;82;22;28;154;2;100;0;0;2;1;51;0;0;0;13;0;26;7;0;114;66;0;34;3
667;89;12;8;101;3;64;0;0;4;1;24;0;0;0;5;0;9;6;0;89;49;2;32;1
668;104;30;19;150;0;63;0;0;10;0;32;2;0;0;8;0;38;9;0;139;54;0;21;6
669;73;38;25;182;0;62;0;0;2;0;26;1;3;1;4;1;24;3;0;142;33;0;43;2
670;48;23;15;143;1;65;0;0;4;1;28;2;1;0;4;0;17;3;0;104;30;0;36;3
671;114;23;30;121;1;43;0;0;2;1;27;2;2;0;9;1;45;8;0;175;94;0;39;0
672;114;21;25;155;8;59;0;0;6;0;43;1;1;2;7;0;32;10;0;132;72;0;50;2
673;122;30;26;147;0;74;0;0;7;0;40;2;1;0;7;2;43;6;0;161;48;0;36;0
674;72;25;15;102;3;59;0;0;1;0;26;1;1;0;8;0;12;2;0;73;46;2;40;1
675;67;12;13;51;2;40;0;0;5;1;11;1;0;0;11;0;17;0;0;53;45;0;13;0
676;104;78;40;428;5;143;0;0;10;1;76;1;0;1;7;1;25;0;0;237;40;0;89;0
677;95;14;21;113;3;56;0;0;8;1;29;1;1;0;3;0;7;0;0;109;46;2;34;0
678;68;22;20;110;3;63;0;0;7;1;23;3;1;0;7;2;31;3;0;86;53;1;27;1
679;55;26;21;135;2;88;0;0;4;0;29;2;0;0;2;0;13;2;0;105;21;1;46;1
680;71;16;14;105;2;44;0;0;4;0;16;1;0;0;0;1;23;0;0;83;46;1;21;2
681;108;30;26;172;3;101;0;0;7;0;26;0;1;0;6;1;19;6;0;94;64;1;38;1
682;32;14;13;111;4;58;0;0;3;1;22;2;0;0;4;1;7;3;0;70;17;1;29;0
683;56;15;8;107;4;56;0;0;3;1;28;0;1;0;5;0;11;1;0;65;49;1;25;0
684;69;16;18;92;6;59;0;0;7;1;14;0;2;1;2;0;16;3;0;74;46;0;30;2
685;44;14;25;111;3;51;0;0;1;2;12;0;0;0;4;0;13;1;0;59;40;0;42;2
686;63;6;12;71;3;44;0;0;1;2;14;1;0;0;6;0;16;4;0;56;29;1;14;1
687;66;9;15;89;0;45;0;0;6;0;28;3;0;0;9;0;11;2;0;56;42;0;26;1
688;101;10;28;108;5;71;0;0;4;0;20;1;0;1;5;0;19;0;0;90;41;0;44;0
689;94;60;45;272;4;136;0;0;12;3;38;0;3;0;13;0;26;5;0;165;49;1;69;4
690;47;37;17;231;0;109;0;0;8;1;35;1;0;0;8;1;21;5;0;139;49;0;40;0
691;112;23;21;114;2;77;0;0;5;0;28;1;0;0;7;1;13;10;0;120;50;0;44;3
692;81;23;18;91;4;51;0;0;2;1;22;3;4;0;6;0;17;3;0;84;55;0;22;0
693;103;14;7;58;0;43;0;0;1;0;17;2;0;0;5;0;18;1;0;94;49;0;15;0
694;121;18;19;100;0;58;0;0;2;3;16;2;1;0;2;1;15;3;0;108;62;0;31;3
695;95;21;21;102;4;57;0;0;9;1;20;2;3;0;9;0;19;4;0;148;72;0;23;1
696;105;32;24;176;3;93;0;0;10;2;57;1;0;0;10;0;24;4;0;111;44;1;42;1
697;94;15;13;63;2;65;0;0;9;1;27;2;0;0;8;0;14;3;0;86;47;1;30;1
698;73;5;11;73;3;67;0;0;4;0;23;1;1;1;3;2;16;6;0;72;40;1;14;0
699;89;21;9;68;3;46;0;0;0;3;24;0;2;1;4;0;15;1;0;94;39;0;17;1
700;72;13;6;88;0;67;0;0;4;1;20;1;0;0;4;0;8;2;0;84;42;0;18;0
701;88;9;12;92;1;53;0;0;2;0;24;0;0;0;3;0;11;4;0;84;47;0;30;1
702;121;10;33;89;1;58;0;0;1;2;17;2;1;0;7;0;20;2;0;139;95;0;31;0
703;119;17;12;99;1;63;0;0;6;2;22;4;2;0;4;0;21;1;0;119;61;2;17;0
704;138;17;18;101;0;68;0;0;3;0;43;0;0;1;9;0;20;5;0;88;60;1;34;0
705;124;19;30;79;1;77;0;0;6;0;23;1;1;0;11;0;13;6;0;141;67;0;28;1
706;136;58;41;239;7;140;0;0;9;2;53;5;1;0;17;0;33;6;0;207;78;0;58;1
707;128;14;12;100;1;50;0;0;4;1;23;2;4;0;7;0;14;0;0;118;53;0;28;1
708;101;14;9;104;1;54;0;0;2;1;22;5;1;1;6;1;13;4;0;90;49;0;30;0
709;91;18;18;116;3;74;0;0;5;1;25;0;0;0;9;0;22;1;0;104;37;0;22;0
710;96;16;15;112;0;79;0;0;3;0;31;3;0;0;4;0;9;1;0;75;36;0;17;4
711;85;4;14;92;6;48;0;0;5;0;25;3;1;0;5;0;11;3;0;118;42;0;17;1
712;90;12;13;91;3;63;0;0;1;1;26;3;1;0;8;2;24;2;0;105;64;0;29;1
713;119;30;16;138;4;85;0;0;4;1;27;3;0;0;5;0;21;5;0;110;62;0;21;1
714;70;12;27;127;1;55;0;0;5;0;13;2;1;0;6;0;12;4;0;100;31;0;19;1
715;106;21;20;155;1;111;0;0;6;5;37;2;1;0;8;0;25;6;0;121;48;0;23;1
716;39;9;15;79;0;38;0;0;6;0;11;2;0;0;3;0;16;0;0;79;17;0;17;2
717;128;16;26;150;5;83;0;0;4;0;56;5;0;0;11;0;25;2;0;139;91;0;20;1
718;130;33;17;140;3;91;0;0;1;3;44;0;2;1;10;1;22;1;0;146;71;0;25;1
719;141;36;33;171;7;108;0;0;3;1;42;3;1;0;10;0;34;2;0;163;93;2;40;0
720;42;20;13;126;1;65;0;0;3;1;20;2;1;0;7;0;23;3;0;116;41;0;25;0
721;96;24;35;157;3;73;0;0;9;4;33;0;0;0;10;1;26;3;0;186;73;0;31;1
722;61;37;22;229;2;94;0;0;5;0;51;1;0;0;2;1;11;5;0;142;16;0;62;0
723;60;22;21;162;0;100;0;0;1;0;35;1;2;0;10;0;38;4;0;115;33;0;28;3
724;79;34;20;150;2;77;0;0;4;0;37;0;1;0;5;1;37;1;0;90;49;1;27;3
725;114;12;16;96;4;83;0;0;2;0;29;0;2;0;6;0;26;1;0;108;98;3;30;0
726;106;10;14;68;6;26;0;0;2;1;24;0;1;0;7;0;14;3;0;75;105;1;17;1
727;62;26;18;196;3;106;0;0;4;1;41;0;1;0;4;0;17;4;0;146;56;0;31;0
728;72;27;21;127;5;84;0;0;7;0;34;1;1;2;10;1;18;4;0;101;52;1;26;6
729;100;16;14;75;2;43;0;0;4;0;15;2;0;0;6;1;17;1;0;96;125;0;33;1
730;72;32;21;157;4;80;0;0;7;1;52;2;1;1;3;0;32;1;0;112;62;0;13;1
731;90;17;15;118;3;59;0;0;5;2;27;3;2;1;6;0;13;3;0;122;49;0;23;0
732;95;27;24;145;3;60;0;0;4;3;39;0;4;1;10;2;17;1;0;124;77;0;27;4
733;59;16;19;98;5;77;0;0;5;1;27;3;0;1;2;2;38;7;0;109;55;0;25;1
734;84;22;29;145;3;73;0;0;4;0;44;3;0;2;8;0;45;3;0;114;61;0;37;0
735;108;22;22;122;3;69;0;0;9;2;42;0;1;0;11;0;24;4;0;131;84;0;37;0
736;112;33;25;88;1;37;0;0;6;0;24;5;1;0;7;4;31;1;0;123;117;2;38;2
737;72;22;21;113;4;111;0;0;2;1;26;0;3;0;3;0;21;2;0;110;49;1;23;0
738;125;13;37;74;1;57;0;0;2;1;15;2;3;0;9;1;12;3;0;90;77;0;40;3
739;126;20;25;164;6;119;0;0;7;4;42;2;2;1;10;1;30;2;0;127;80;0;32;1
740;130;16;31;151;2;88;0;0;7;0;37;2;1;0;2;0;27;2;0;122;88;1;49;1
741;13;6;7;24;1;10;0;0;0;0;8;0;0;0;0;0;4;0;0;22;8;0;3;0
742;39;23;18;169;0;80;0;0;4;1;27;0;0;0;3;0;23;3;0;72;14;0;43;4
743;70;32;22;165;3;114;0;0;0;2;34;1;0;0;9;2;22;2;0;119;39;2;56;1
744;93;44;48;290;3;181;0;0;4;0;46;1;1;0;6;1;33;3;0;184;69;3;49;1
745;76;32;16;181;4;114;0;0;4;2;35;2;0;0;5;0;30;3;0;142;54;0;28;0
746;137;23;13;98;1;49;0;0;2;0;23;2;2;0;6;2;25;5;0;120;76;1;29;3
747;112;24;24;110;2;44;0;0;6;0;18;2;1;0;4;1;45;5;0;117;44;2;42;1
748;113;26;26;103;4;56;0;0;6;0;35;2;2;0;5;0;23;6;0;119;50;1;24;2
749;113;17;18;102;3;55;0;0;6;0;23;1;0;0;9;0;21;4;0;150;77;0;23;3
750;105;18;15;83;1;61;0;0;4;1;23;2;2;0;14;1;29;2;0;101;84;0;27;0
751;113;16;21;89;3;48;0;0;4;0;26;1;2;0;5;1;28;3;0;100;83;2;35;1
752;134;29;28;160;1;90;0;0;4;0;40;7;1;0;7;0;31;4;0;136;60;1;40;2
753;117;29;19;131;1;67;0;0;6;0;14;0;0;1;7;1;19;6;0;121;56;1;22;2
754;103;21;26;99;1;75;0;0;4;2;23;2;7;0;6;1;24;2;0;120;70;1;26;2
755;90;33;54;189;3;100;0;0;8;2;45;1;0;3;9;1;41;7;0;161;58;0;44;0
756;90;22;14;114;1;42;0;0;5;1;20;0;1;0;9;0;31;7;0;141;70;1;24;0
757;47;34;19;176;4;58;0;0;4;0;30;2;0;0;2;0;10;0;0;93;17;0;33;0
758;152;50;39;271;3;150;0;0;6;2;76;4;6;0;7;4;44;4;0;184;72;0;63;3
759;69;24;23;186;5;125;0;0;5;7;33;0;1;0;12;1;13;4;0;108;64;2;23;5
760;77;25;20;204;0;119;0;0;6;5;54;1;3;0;2;1;13;2;0;122;47;2;31;3
761;51;15;20;153;1;66;0;0;3;4;17;0;1;0;7;0;24;2;0;111;28;0;21;1
762;64;27;20;206;4;149;0;0;6;5;29;0;2;0;2;0;18;0;0;102;31;0;19;0
763;69;33;27;157;3;95;0;0;0;2;28;2;2;1;8;1;40;2;0;115;48;1;25;1
764;54;17;9;132;3;66;0;0;2;3;26;1;1;0;5;0;17;2;0;94;45;0;10;0
765;132;18;26;96;5;54;0;0;2;4;22;0;3;0;6;2;23;1;0;113;110;0;35;2
766;148;19;27;116;4;87;0;0;8;4;46;2;3;1;1;1;23;1;0;133;49;0;41;3
767;150;14;31;130;3;137;0;0;13;0;65;2;1;0;11;0;42;3;0;167;67;0;44;1
768;107;42;38;226;6;131;0;0;10;1;91;0;1;0;11;0;28;3;0;203;70;0;73;0
769;22;12;17;110;1;26;0;0;2;0;21;0;1;0;5;0;4;2;0;42;16;0;56;2
770;32;9;10;91;2;35;0;0;2;0;21;0;0;1;2;0;4;0;0;23;21;0;46;0
771;47;20;12;106;1;65;0;0;2;0;21;2;0;0;0;0;11;0;0;53;16;0;39;1
772;24;12;16;153;0;62;0;0;3;0;34;1;0;0;3;1;7;0;0;47;10;0;46;0
773;124;32;13;135;3;68;0;0;1;3;29;3;2;1;10;0;14;2;0;76;69;0;38;2
774;85;9;8;87;2;63;0;0;3;0;15;0;0;0;5;0;14;1;0;99;36;0;16;0
775;94;13;18;81;5;55;0;0;8;0;18;0;0;0;8;0;13;4;0;63;62;0;27;1
776;110;24;19;115;4;44;0;0;2;2;22;0;0;0;6;0;21;4;0;91;68;0;30;0
777;73;17;13;100;6;55;0;0;4;0;17;1;0;0;4;0;12;2;0;85;34;0;27;0
778;76;9;14;71;6;66;0;0;1;0;19;0;1;0;5;0;15;2;0;80;51;0;21;0
779;73;18;11;63;0;43;0;0;2;2;18;2;1;0;5;1;20;0;0;100;39;0;30;2
780;123;28;19;135;3;71;0;0;3;0;39;2;0;0;7;0;16;6;0;142;65;2;46;1
781;98;20;10;87;1;44;0;0;4;0;22;1;0;0;7;0;19;4;0;86;40;0;21;3
782;95;3;2;33;7;33;0;0;2;1;19;2;1;0;18;0;9;0;0;48;34;2;5;1
783;109;33;19;235;3;117;0;0;10;0;35;0;2;0;7;0;28;3;0;164;56;2;44;2
784;78;21;10;180;2;91;0;0;4;0;47;0;0;0;2;0;19;4;0;100;43;0;56;1
785;88;43;28;186;4;129;0;0;2;0;58;1;0;0;6;0;20;1;0;131;41;0;47;1
786;72;11;10;84;1;40;0;0;1;0;20;1;0;0;11;0;23;1;0;56;41;0;28;0
787;85;17;13;103;2;70;0;0;4;3;28;1;0;0;2;0;16;1;0;76;48;1;24;1
788;100;8;8;106;0;56;0;0;1;0;17;2;1;0;2;1;5;1;0;73;51;0;17;3
789;82;11;15;78;1;44;0;0;1;2;20;4;0;0;2;0;21;2;0;69;30;0;23;0
790;56;16;14;93;3;53;0;0;5;1;20;4;2;0;0;0;18;1;0;53;24;1;28;0
791;80;18;12;92;3;74;0;0;3;1;32;2;0;0;3;0;22;1;0;59;38;0;19;1
792;80;21;25;120;3;85;0;0;4;1;26;1;0;1;8;0;11;1;0;90;28;0;34;2
793;93;12;22;142;2;82;0;0;1;3;24;3;1;1;4;0;15;0;0;90;40;0;26;0
794;57;6;9;127;1;46;0;0;3;0;23;0;0;0;1;1;19;2;0;52;34;0;30;0
795;44;13;22;85;2;45;0;0;2;0;18;2;0;0;1;0;11;2;0;57;33;0;32;0
796;40;17;29;101;7;52;0;0;0;0;23;4;1;0;3;2;12;2;0;69;28;0;33;2
797;56;14;10;89;3;47;0;0;4;0;26;0;0;0;3;0;6;1;0;74;20;0;23;1
798;63;26;22;139;2;71;0;0;6;0;24;0;0;0;8;0;22;1;0;97;50;1;41;1
799;87;19;16;142;6;63;0;0;6;0;24;1;0;0;7;0;14;0;0;93;43;0;46;0
800;92;15;20;109;1;47;0;0;5;1;24;2;0;0;7;1;13;3;0;122;59;0;26;1
801;81;13;11;125;1;60;0;0;2;1;18;1;1;0;3;0;20;1;0;115;49;1;33;3
802;91;13;15;135;3;79;0;0;4;0;28;2;0;0;4;1;12;1;0;74;64;0;36;0
803;62;17;19;150;2;63;0;0;2;1;34;0;0;0;9;0;28;3;0;91;39;0;34;2
804;79;15;14;116;3;41;0;0;2;0;11;0;0;1;4;1;12;3;0;95;39;1;32;0
805;60;14;14;97;0;47;0;0;7;1;14;0;1;0;4;0;15;3;0;72;27;1;40;1
806;67;9;16;113;3;61;0;0;1;0;22;1;0;0;7;2;29;4;0;86;42;1;24;1
807;85;17;13;156;4;68;0;0;4;0;31;3;2;0;5;0;18;1;0;75;31;1;31;0
808;92;31;21;106;1;55;0;0;3;0;28;2;0;0;3;0;16;3;0;76;35;0;44;1
809;75;12;21;111;3;57;0;0;7;0;25;2;1;0;3;0;16;2;0;86;33;1;31;2
810;74;13;17;109;0;53;0;0;3;2;22;1;0;0;6;0;11;1;0;66;61;0;31;1
811;93;23;22;167;5;70;0;0;5;0;20;1;1;0;2;0;18;2;0;72;79;1;35;0
812;88;23;17;170;1;89;0;0;0;1;14;0;0;0;15;0;17;1;0;92;54;0;27;1
813;100;15;13;108;3;81;0;0;3;0;27;2;2;0;5;1;23;0;0;96;43;0;30;0
814;78;20;10;91;4;41;0;0;3;0;35;0;1;0;2;1;21;0;0;46;30;0;24;3
815;92;23;6;122;2;61;0;0;0;5;22;2;0;0;7;0;17;2;0;107;51;0;20;0
816;93;17;19;170;1;76;0;0;1;0;42;4;1;0;6;0;16;1;0;103;36;0;25;2
817;84;13;7;109;3;56;0;0;2;1;31;1;0;0;5;0;17;1;0;79;62;1;30;0
818;75;29;19;101;0;51;0;0;5;1;31;0;0;0;3;0;6;3;0;68;82;1;41;1
819;85;25;18;110;3;87;0;0;1;1;26;0;1;0;3;0;29;3;0;100;29;0;24;0
820;91;25;17;135;2;98;0;0;4;0;35;1;0;0;10;0;21;6;0;118;48;1;36;1
821;82;20;13;148;3;89;0;0;2;0;47;1;1;0;4;0;22;6;0;78;50;0;28;1
822;86;10;18;90;2;61;0;0;7;1;27;0;2;0;5;1;22;2;0;86;60;0;20;1
823;89;8;9;80;1;51;0;0;4;0;32;1;1;0;7;0;12;0;0;74;44;0;22;0
824;86;13;13;82;4;41;0;0;2;0;33;0;0;0;5;0;25;3;0;78;42;0;21;2
825;31;14;13;149;0;99;0;0;6;1;17;0;0;0;3;0;9;1;0;87;6;0;27;0
826;101;17;7;84;0;64;0;0;5;0;18;0;0;0;7;0;25;2;0;88;43;0;25;1
827;91;37;21;153;1;70;0;0;2;1;45;1;1;0;4;1;19;4;0;116;52;0;45;1
828;81;7;8;94;14;58;0;0;1;0;20;1;1;1;8;1;30;3;0;75;40;0;39;1
829;67;9;9;83;0;51;0;0;2;0;27;2;0;0;3;0;10;2;0;75;54;0;18;0
830;91;9;11;74;2;50;0;0;6;1;32;3;1;0;6;0;11;1;0;60;33;0;34;0
831;110;51;29;179;6;106;0;0;6;2;48;2;2;0;11;0;22;6;0;129;53;0;46;1
832;68;14;14;135;6;53;0;0;3;0;27;0;0;0;8;0;9;1;0;77;49;0;21;0
833;125;32;15;190;5;118;0;0;11;1;49;1;0;0;11;0;18;3;0;133;55;0;45;1
834;65;22;13;110;4;69;0;0;4;1;26;2;0;0;5;0;11;6;0;87;38;1;31;1
835;110;17;16;149;2;91;0;0;5;0;44;2;1;0;5;1;20;3;0;115;63;0;31;1
836;78;32;25;168;2;96;0;0;4;1;31;3;0;2;7;1;19;5;0;133;49;1;42;0
837;108;12;21;78;2;36;0;0;2;0;10;0;0;0;7;1;11;3;0;65;116;2;27;0
838;91;27;19;98;2;45;0;0;3;0;21;2;1;0;12;0;19;3;0;95;82;0;19;1
839;83;22;23;74;5;35;0;0;4;0;20;2;0;0;3;0;27;0;0;78;70;0;24;0
840;61;20;15;77;3;40;0;0;2;1;27;0;1;0;3;1;16;5;0;67;50;0;25;0
841;87;17;29;83;3;56;0;0;4;1;22;0;0;0;2;1;12;1;0;70;43;0;37;0
842;63;9;12;83;1;41;0;0;3;1;19;1;0;0;5;1;9;3;0;42;30;0;27;3
843;40;12;7;98;3;46;0;0;3;0;14;1;0;0;5;0;9;2;0;50;47;0;24;1
844;61;11;15;90;2;47;0;0;6;2;16;1;1;0;4;0;16;1;0;51;31;0;19;2
845;100;8;19;122;4;69;0;0;2;0;24;0;0;0;3;0;16;2;0;63;39;1;39;2
846;54;23;24;91;1;49;0;0;2;0;31;2;0;0;5;1;7;3;0;57;25;1;40;0
847;34;16;15;62;2;35;0;0;2;1;24;0;1;0;7;1;10;0;0;39;25;0;45;0
848;33;11;21;87;1;37;0;0;1;0;10;0;1;0;4;0;10;3;0;43;15;0;21;0
849;50;10;15;77;3;37;0;0;0;0;23;2;1;0;6;0;7;2;0;50;32;1;24;1
850;34;7;13;95;1;35;0;0;4;0;17;0;0;0;3;0;11;1;0;49;30;2;35;1
851;41;20;15;82;0;53;0;0;5;0;21;1;0;2;1;0;8;1;0;33;26;0;23;1
852;49;17;10;78;0;49;0;0;4;3;25;0;0;0;5;0;7;4;0;66;16;0;20;1
853;48;10;21;89;1;31;0;0;2;0;22;0;0;0;5;0;11;0;0;53;23;0;19;0
854;50;13;17;100;2;29;0;0;3;1;17;0;2;0;2;0;12;0;0;50;38;0;34;0
855;69;13;15;74;1;36;0;0;3;0;23;0;1;0;2;0;7;1;0;51;28;0;19;0
856;73;9;8;66;0;43;0;0;3;0;22;0;0;1;13;1;14;1;0;46;23;0;18;0
857;48;16;18;106;5;53;0;0;3;1;24;1;0;1;2;1;10;3;0;57;31;0;49;3
858;52;19;13;80;2;39;0;0;0;0;28;3;0;0;3;0;15;1;0;45;26;0;32;1
859;75;23;18;109;2;59;0;0;9;0;20;1;1;0;4;1;17;2;0;66;22;0;39;2
860;43;11;15;85;1;38;0;0;2;2;18;1;1;0;3;0;11;4;0;52;23;1;32;1
861;49;25;8;81;1;59;0;0;3;0;25;1;0;0;4;0;9;4;0;54;40;0;31;1
862;60;3;10;79;4;56;0;0;3;0;26;0;1;0;10;0;8;0;0;81;31;0;34;2
863;56;23;18;85;1;43;0;0;3;0;10;0;1;0;3;2;15;2;0;64;41;0;23;1
864;50;18;18;105;5;49;0;0;0;0;22;1;1;0;3;0;12;0;0;72;39;0;34;0
865;77;8;12;97;1;50;0;0;8;0;22;2;0;0;3;1;16;0;0;80;47;0;25;1
866;80;24;25;107;3;48;0;0;4;0;14;2;2;0;4;0;14;5;0;105;48;0;34;0
867;49;10;9;88;0;43;0;0;4;0;25;0;1;0;6;0;10;0;0;73;36;0;33;1
868;65;22;14;95;0;42;0;0;1;1;20;1;0;0;1;0;16;1;0;57;22;0;38;2
869;63;17;13;113;0;64;0;0;6;1;17;0;0;0;6;0;17;1;0;77;35;0;27;0
870;69;22;17;82;3;41;0;0;2;1;18;0;3;0;0;1;5;1;0;92;60;0;17;1
871;66;16;17;102;2;53;0;0;4;1;16;0;2;0;3;1;15;2;0;48;44;0;37;1
872;68;15;15;112;5;62;0;0;7;1;20;1;0;0;1;2;13;3;0;73;35;0;40;1
873;84;7;17;75;3;58;0;0;4;0;28;2;1;0;5;0;17;1;0;56;32;1;14;0
874;72;8;13;96;2;63;0;0;2;0;15;0;2;0;3;0;16;2;0;57;44;0;18;0
875;62;13;27;117;0;78;0;0;3;1;19;0;1;0;1;1;34;2;0;103;22;0;35;1
876;69;20;12;130;4;54;0;0;5;1;27;1;0;0;6;0;16;0;0;107;43;0;35;0
877;25;8;18;52;5;14;0;0;2;0;6;1;0;0;6;0;8;8;0;59;23;1;12;1
878;131;19;23;157;11;69;0;0;13;0;42;0;3;0;9;0;35;7;0;162;109;1;41;0
879;111;31;27;145;3;73;0;0;5;3;14;2;0;0;2;0;32;3;0;125;69;1;53;1
880;117;37;35;161;7;74;0;0;6;0;31;1;2;0;10;1;28;4;0;196;66;0;41;2
881;84;12;13;82;2;42;0;0;1;1;14;2;0;0;1;0;10;1;0;115;66;0;21;0
882;85;27;12;54;1;50;0;0;4;1;25;3;0;0;11;1;11;5;0;106;73;0;25;0
883;79;26;27;199;7;101;0;0;13;4;29;4;1;1;8;0;26;3;0;154;76;0;48;1
884;87;33;48;139;2;43;0;0;3;0;32;3;1;2;4;1;23;6;0;147;52;0;41;0
885;116;37;43;172;3;59;0;0;12;1;36;0;1;3;9;2;30;8;0;180;56;2;39;0
886;88;18;19;109;0;54;0;0;8;0;36;2;1;1;6;0;18;3;0;104;54;0;42;3
887;106;22;20;115;3;71;0;0;4;0;19;0;0;0;3;1;26;0;0;101;49;0;23;1
888;107;24;20;128;0;88;0;0;5;0;32;0;0;1;3;3;28;3;0;140;50;0;29;0
889;98;7;8;72;0;56;0;0;5;1;23;0;1;0;3;2;5;2;0;101;33;0;20;0
890;82;9;14;84;2;67;0;0;1;0;29;0;1;0;5;0;15;3;0;96;47;1;20;0
891;89;22;8;100;1;67;0;0;2;0;17;1;2;0;8;1;26;1;0;104;31;0;19;0
892;102;27;19;163;1;105;0;0;1;0;25;2;3;0;8;3;19;6;0;145;61;0;52;3
893;92;20;30;156;2;103;0;0;2;0;41;0;1;0;3;0;20;4;0;163;46;2;43;1
894;110;23;28;142;4;77;0;0;6;1;27;2;1;1;10;0;25;3;0;127;62;0;50;3
895;91;35;23;156;2;70;0;0;2;2;33;0;1;0;4;0;22;3;0;171;48;0;34;1
896;112;52;20;193;2;101;0;0;4;1;38;1;2;0;3;1;30;2;0;158;65;1;54;2
897;93;28;16;217;4;86;0;0;1;0;45;2;1;2;8;0;19;3;0;135;47;0;43;4
898;96;33;32;214;2;84;0;0;4;0;38;5;1;0;4;1;24;3;0;120;48;0;43;1
899;67;21;23;59;3;39;0;0;6;3;15;0;1;0;8;1;23;4;0;87;51;0;22;0
900;34;20;19;96;0;63;0;0;1;0;19;3;1;1;2;0;9;2;0;89;14;0;11;1
901;30;15;8;84;2;32;0;0;1;0;13;0;0;0;4;0;14;1;0;70;22;0;19;1
902;98;27;39;285;2;150;0;0;6;4;50;1;2;1;3;2;18;6;0;248;64;1;58;1
903;152;48;39;229;2;120;0;0;6;4;57;1;1;2;24;2;46;2;0;222;90;0;48;3
904;78;31;23;190;1;84;0;0;7;0;28;1;2;1;4;0;21;6;0;134;84;0;26;2
905;64;24;13;202;2;97;0;0;6;2;27;0;2;0;7;2;18;2;0;164;24;0;26;0
906;121;45;38;234;3;109;0;0;6;4;51;1;1;1;3;0;27;1;0;184;59;0;71;3
907;9;9;9;35;4;8;0;0;0;0;2;0;0;0;1;0;4;0;0;26;25;0;1;0
908;30;6;10;29;1;24;0;0;1;0;13;0;0;0;1;0;4;1;0;28;22;1;1;0
909;39;20;22;142;2;62;0;0;1;0;17;1;1;1;3;1;23;1;0;108;23;0;22;0
910;11;8;2;45;0;13;0;0;0;3;5;1;0;0;2;0;9;4;0;37;12;0;8;0
911;119;41;32;224;2;118;0;0;6;2;57;2;2;1;2;1;29;5;0;206;85;4;45;0
912;93;23;37;117;3;46;0;0;5;0;20;1;2;0;5;1;21;2;0;101;108;0;39;2
913;86;19;30;137;1;57;0;0;7;2;25;2;2;1;6;1;26;3;0;132;32;2;42;1
914;83;43;49;194;5;74;0;0;5;0;52;1;1;0;5;3;27;5;0;142;48;0;60;0
915;84;39;22;238;6;123;0;0;9;2;43;0;0;1;5;1;38;2;0;169;54;0;40;1
916;106;31;20;175;2;65;0;0;7;0;50;1;1;0;9;3;34;1;0;161;42;0;45;0
917;58;35;22;197;1;106;0;0;7;0;39;0;1;0;7;1;16;1;0;165;17;1;32;1
918;105;25;18;137;2;100;0;0;3;1;32;0;1;1;5;0;22;3;0;152;47;0;32;1
919;94;27;23;147;4;78;0;0;7;2;41;1;2;0;6;0;22;1;0;171;45;0;44;0
920;100;29;35;158;2;71;0;0;7;0;29;0;1;0;6;0;27;5;0;150;67;0;42;0
921;27;25;12;115;1;64;0;0;1;0;19;2;1;0;0;0;10;1;0;104;20;0;14;0
922;38;11;30;70;4;35;0;0;1;0;7;2;0;0;0;0;4;1;0;62;16;0;4;0
923;85;20;23;124;5;55;0;0;6;1;25;1;1;1;7;0;20;2;0;153;70;0;40;1
924;94;16;19;99;4;41;0;0;0;2;23;0;0;0;3;0;28;4;0;97;60;0;35;0
925;93;13;23;103;1;53;0;0;6;1;36;0;1;1;4;0;15;3;0;134;48;0;23;1
926;110;30;29;138;3;74;0;0;6;3;42;3;2;0;9;0;15;3;0;137;80;0;43;1
927;116;28;26;185;7;89;0;0;0;3;43;1;1;0;6;0;23;2;0;137;67;0;44;2
928;104;18;16;104;4;83;0;0;3;0;35;1;1;0;7;2;15;3;0;128;93;0;33;3
929;120;20;10;99;2;60;0;0;4;1;30;4;0;0;9;0;26;3;0;128;59;0;32;4
930;120;15;18;82;1;39;0;0;7;0;26;0;1;0;5;0;21;3;0;109;81;0;29;2
931;110;27;27;105;1;43;0;0;3;1;30;4;1;0;2;0;23;2;0;152;77;2;35;1
932;98;12;24;111;4;35;0;0;10;0;41;2;1;0;4;0;13;4;0;109;74;0;27;1
933;103;20;25;109;1;79;0;0;3;0;31;0;0;0;5;1;19;3;0;149;54;2;32;1
934;99;27;24;145;0;78;0;0;6;1;33;2;0;0;13;1;26;1;0;120;48;0;46;0
935;161;17;16;97;2;87;0;0;3;2;35;7;6;0;10;1;22;4;0;113;91;0;35;2
936;106;15;12;57;4;38;0;0;3;0;9;1;1;0;0;1;27;4;0;99;65;1;22;0
937;92;42;44;175;5;89;0;0;1;1;41;2;1;1;10;2;37;2;0;187;87;0;67;2
938;106;29;24;180;4;72;0;0;6;1;46;0;1;0;4;0;26;1;0;160;64;1;37;0
939;104;22;24;107;0;69;0;0;1;0;21;2;0;0;6;3;14;1;0;150;71;0;23;0
940;64;4;19;52;2;37;0;0;4;0;12;1;1;0;6;0;14;3;0;64;38;0;23;0
941;92;13;20;93;2;59;0;0;2;2;20;3;1;0;5;2;21;3;0;117;62;0;27;1
942;110;19;16;90;2;50;0;0;6;0;20;0;1;1;7;1;17;1;0;107;117;0;13;2
943;107;18;17;119;3;69;0;0;11;0;16;0;0;0;6;0;23;8;0;125;107;0;34;4
944;111;8;19;93;4;50;0;0;3;1;24;2;3;0;5;1;27;2;0;117;49;0;18;2
945;77;13;24;109;2;55;0;0;3;0;32;3;3;0;7;2;25;4;0;104;47;0;33;0
946;95;21;27;85;6;61;0;0;5;0;29;1;1;0;9;0;20;2;0;102;87;0;23;1
947;100;16;21;85;0;60;0;0;6;0;41;2;2;0;5;0;23;1;0;115;55;0;26;1
948;100;19;19;108;7;60;0;0;2;0;26;0;0;0;9;2;26;4;0;118;81;2;29;1
949;105;20;17;113;0;69;0;0;3;0;25;1;1;0;3;0;26;6;0;103;79;3;28;2
950;94;17;27;88;2;45;0;0;6;3;17;0;1;0;12;0;23;3;0;109;73;0;31;3
951;123;14;15;82;1;52;0;0;1;1;23;3;1;0;7;0;21;6;0;89;57;0;22;1
952;90;16;18;110;1;56;0;0;6;0;34;0;0;0;6;0;26;3;0;106;71;0;29;1
953;87;25;11;144;2;71;0;0;7;0;31;0;1;0;6;0;17;2;0;106;50;2;29;2
954;91;13;26;108;2;72;0;0;2;0;39;2;0;1;8;0;20;1;0;110;50;0;18;1
955;89;12;15;119;1;48;0;0;5;0;36;0;2;0;4;0;43;2;0;82;67;0;38;0
956;132;40;22;126;1;62;0;0;7;4;31;5;1;0;5;3;28;2;0;147;84;0;33;2
957;118;27;17;79;1;52;0;0;3;2;19;0;7;0;5;0;18;3;0;114;58;0;31;0
958;129;22;30;78;4;53;0;0;2;0;20;1;2;0;0;0;18;2;0;130;123;0;17;0
959;109;17;20;129;2;58;0;0;2;0;23;0;1;0;9;0;27;1;0;113;76;2;34;1
960;113;18;16;79;1;57;0;0;6;1;38;2;1;0;4;0;14;0;0;104;65;1;18;0
961;80;9;14;75;0;53;0;0;3;0;25;2;1;0;5;1;19;3;0;113;57;0;28;0
962;116;16;9;72;7;41;0;0;4;0;28;0;0;0;5;0;24;0;0;107;76;2;34;1
963;95;7;30;156;5;70;0;0;2;1;26;2;2;1;2;0;21;4;0;139;67;0;34;2
964;108;21;22;133;6;78;0;0;7;3;39;3;1;0;6;2;22;5;0;140;73;0;19;0
965;101;25;23;123;1;47;0;0;6;1;34;0;2;1;7;0;26;0;0;130;76;0;21;2
966;102;38;23;119;1;76;0;0;7;0;30;1;0;0;3;0;22;0;0;141;54;0;28;0
967;110;25;27;142;7;111;0;0;4;1;36;0;3;0;8;0;27;1;0;125;56;0;41;5
968;108;12;27;133;5;76;0;0;4;0;46;5;2;0;5;1;20;2;0;158;37;1;27;0
969;113;14;14;85;3;57;0;0;12;0;29;1;0;0;4;0;30;9;0;106;78;0;32;2
970;102;16;26;94;0;39;0;0;3;0;27;1;0;0;6;0;19;1;0;142;62;0;33;0
971;63;28;18;122;0;57;0;0;4;0;34;0;1;0;2;3;16;5;0;120;36;0;24;2
972;39;31;25;165;3;84;0;0;4;0;31;0;0;0;2;0;16;0;0;160;22;1;41;0
973;104;35;39;111;3;61;0;0;13;0;22;0;3;0;7;0;34;3;0;121;50;0;42;4
974;142;35;36;149;2;75;0;0;5;1;31;0;0;0;4;0;20;2;0;137;93;0;55;1
975;114;27;23;117;2;55;0;0;6;0;24;5;0;0;10;0;25;2;0;137;64;0;23;2
976;143;26;42;147;2;75;0;0;7;0;32;2;2;0;9;1;23;3;0;131;95;0;41;0
977;84;26;47;144;4;73;0;0;5;0;34;2;0;0;4;0;30;7;0;140;59;1;30;1
978;116;15;28;131;4;65;0;0;4;0;36;2;1;0;10;1;22;0;0;134;64;0;37;1
979;86;16;35;115;2;67;0;0;2;0;29;1;1;0;5;1;16;6;0;143;73;0;38;2
980;107;32;28;161;1;73;0;0;17;1;48;2;0;0;16;0;26;4;0;114;50;1;47;2
981;101;39;43;167;1;81;0;0;9;0;44;3;1;0;5;1;27;6;0;111;54;1;53;1
982;109;35;30;173;2;67;0;0;6;0;43;3;2;0;12;1;17;2;0;147;63;2;44;1
983;126;24;44;207;5;95;0;0;9;1;52;2;0;0;4;2;30;4;0;164;72;1;47;2
984;75;43;46;221;1;95;0;0;7;0;33;1;2;0;8;1;20;2;0;116;58;0;62;0
985;102;35;17;179;6;75;0;0;1;0;50;0;4;0;7;1;33;2;0;127;58;0;40;2
986;74;19;15;228;3;113;0;0;4;1;38;0;2;0;11;0;22;3;0;137;61;0;32;2
987;66;19;21;172;4;87;0;0;6;0;26;3;3;0;5;0;16;0;0;112;52;1;22;0
988;42;39;8;198;3;105;0;0;9;0;38;0;0;0;5;0;13;0;0;112;18;0;48;1
989;75;18;26;148;1;83;0;0;3;0;40;2;3;1;11;0;25;3;0;90;34;0;35;0
990;59;20;14;115;5;52;0;0;5;4;21;0;0;1;5;0;18;1;0;72;23;0;30;3
991;58;20;27;252;7;96;0;0;6;2;25;0;1;0;2;0;21;4;0;150;59;1;25;1
992;65;33;17;169;3;112;0;0;2;2;42;1;1;0;2;0;22;0;0;162;54;0;39;1
993;28;17;8;106;1;62;0;0;4;1;28;0;0;0;4;0;15;0;0;106;19;1;21;0
994;48;33;29;233;0;88;0;0;6;0;39;2;1;0;7;0;31;5;0;113;38;0;38;3
995;39;10;6;40;5;22;0;0;0;0;4;0;0;0;3;0;4;0;0;84;33;0;7;0
996;90;28;22;125;3;82;0;0;7;0;57;1;0;0;3;0;20;4;0;110;67;0;33;1
997;91;22;19;129;1;67;0;0;0;0;54;1;0;1;6;0;17;7;0;108;85;0;19;1
998;93;32;25;271;3;100;0;0;2;1;53;1;2;0;2;0;22;5;0;163;37;1;54;1
999;84;27;21;160;5;92;0;0;4;0;32;1;8;0;3;0;13;5;0;104;44;0;33;0
1000;49;22;15;131;1;60;0;0;6;2;29;3;4;0;3;0;29;2;0;90;50;0;35;2
1001;86;15;24;141;2;66;0;0;3;2;39;2;4;0;4;4;24;2;0;105;54;0;23;1
1002;72;20;23;144;0;58;0;0;2;0;28;1;3;0;6;0;18;5;0;118;37;0;31;1
1003;82;32;28;186;1;71;0;0;6;0;30;2;0;0;9;0;22;3;0;120;42;0;37;3
1004;86;18;32;159;5;89;0;0;3;1;39;0;4;0;2;0;26;4;0;122;42;1;34;0
1005;71;22;28;134;0;59;0;0;8;0;36;2;1;0;4;1;36;2;0;87;40;0;49;1
1006;78;52;36;143;5;62;0;0;4;1;30;5;1;0;2;2;24;4;0;118;62;0;22;1
1007;91;18;40;149;6;83;0;0;5;2;32;2;3;1;9;1;17;4;0;153;47;0;57;5
1008;99;31;20;137;1;57;0;0;7;3;44;1;0;0;7;1;25;0;0;116;43;0;38;1
1009;95;30;20;115;5;53;0;0;3;1;29;1;0;0;3;0;15;0;0;99;52;0;18;1
1010;56;19;16;99;4;53;0;0;3;1;16;0;2;0;2;0;13;2;0;70;39;0;12;1
1011;41;13;2;51;0;29;0;0;5;0;7;2;0;0;4;0;15;1;0;67;26;0;13;0
1012;81;29;19;125;2;56;0;0;7;1;29;0;0;1;4;0;27;1;0;117;38;0;29;1
1013;90;31;16;127;3;61;0;0;3;0;51;1;3;0;8;0;15;2;0;85;58;0;39;2
1014;63;34;12;136;2;57;0;0;5;0;20;1;3;0;5;1;23;5;0;109;37;0;32;1
1015;82;28;18;131;3;52;0;0;6;0;33;1;4;0;6;3;21;2;0;92;55;1;22;0
1016;86;26;27;120;1;39;0;0;9;0;32;0;1;0;5;0;25;1;0;101;47;0;25;0
1017;96;18;22;125;1;65;0;0;4;0;36;0;1;0;5;1;29;2;0;112;48;0;30;1
1018;97;18;21;99;4;38;0;0;6;1;25;4;0;1;0;0;29;5;0;114;48;1;38;0
1019;86;20;24;96;2;73;0;0;3;0;25;0;1;0;5;0;19;3;0;97;69;0;27;0
1020;89;13;20;93;3;48;0;0;7;3;13;0;2;0;5;0;21;2;0;68;41;0;16;4
1021;75;11;18;96;0;45;0;0;7;0;23;3;1;1;4;1;15;3;0;85;49;0;26;0
1022;79;14;16;124;1;52;0;0;9;0;28;0;0;0;3;1;19;3;0;90;51;3;29;0
1023;71;11;17;97;2;48;0;0;3;0;18;0;3;0;5;0;17;1;0;67;52;0;12;0
1024;113;22;23;82;0;20;0;0;6;1;15;0;0;1;4;0;11;1;0;88;149;0;22;1
1025;79;18;20;100;3;63;0;0;6;0;20;1;2;0;6;0;25;0;0;93;70;0;20;0
1026;107;13;23;100;0;48;0;0;4;0;18;2;0;0;9;0;27;1;0;112;75;0;27;0
1027;93;8;19;77;1;50;0;0;6;1;26;0;3;0;6;1;19;2;0;85;52;1;37;0
1028;110;14;15;60;2;22;0;0;2;0;13;1;0;0;11;0;10;2;0;83;136;0;24;0
1029;93;23;15;81;0;39;0;0;6;0;24;0;0;0;4;1;20;2;0;93;76;1;28;1
1030;83;16;7;71;3;37;0;0;5;0;15;3;0;0;12;0;21;3;0;94;48;2;21;0
1031;94;15;12;97;2;46;0;0;0;2;33;0;0;0;7;0;19;3;0;94;95;1;27;0
1032;98;11;22;100;1;34;0;0;2;0;14;0;0;1;4;1;12;2;0;88;122;1;15;3
1033;118;17;14;66;6;59;0;0;3;1;27;1;0;0;10;0;16;0;0;62;52;1;22;0
1034;94;13;22;79;8;53;0;0;3;0;35;1;0;0;5;1;35;2;0;79;57;0;26;3
1035;90;15;18;90;0;60;0;0;3;0;35;1;1;0;0;0;23;3;0;114;74;1;28;2
1036;81;19;16;82;2;46;0;0;4;0;31;2;0;0;5;0;24;5;0;94;50;1;19;3
1037;71;11;14;111;5;47;0;0;3;1;16;0;0;0;7;3;8;2;0;82;56;0;25;0
1038;67;13;21;97;1;54;0;0;9;0;28;0;1;0;10;1;16;2;0;92;58;0;35;5
1039;97;5;12;82;4;49;0;0;0;0;23;1;0;0;4;1;27;1;0;82;48;1;22;0
1040;107;23;11;71;2;30;0;0;8;1;31;1;2;2;5;0;19;7;0;78;45;1;33;2
1041;77;10;15;94;2;48;0;0;1;0;19;5;0;0;7;0;19;2;0;92;71;0;33;1
1042;87;15;21;97;2;28;0;0;4;1;21;3;1;0;6;1;23;2;0;102;72;0;25;0
1043;84;5;16;97;2;48;0;0;10;0;23;1;0;0;3;1;20;3;0;131;58;1;27;0
1044;92;29;23;116;1;38;0;0;5;0;29;1;1;1;1;0;23;2;0;95;68;2;26;1
1045;88;15;26;79;3;39;0;0;6;1;21;0;1;1;7;0;24;5;0;124;71;0;24;1
1046;93;41;31;216;2;104;0;0;2;3;38;2;3;1;7;1;45;4;0;205;86;1;40;0
1047;87;14;22;173;0;76;0;0;2;1;42;4;0;0;8;3;36;6;0;158;79;0;37;1
1048;74;30;26;120;2;54;0;0;2;0;30;3;2;0;4;0;21;0;0;84;47;0;26;1
1049;93;38;34;194;3;86;0;0;7;1;34;1;3;0;3;3;21;6;0;114;41;1;46;1
1050;84;13;18;150;2;71;0;0;3;7;29;1;1;0;5;1;33;6;0;135;51;0;29;1
1051;81;30;30;193;1;91;0;0;5;3;34;0;0;0;8;2;30;5;0;145;63;2;35;4
1052;91;32;41;126;2;51;0;0;7;4;32;0;0;0;9;0;25;3;0;120;66;0;47;1
1053;110;42;32;117;1;76;0;0;7;0;35;1;0;1;3;0;28;3;0;121;62;0;35;1
1054;81;35;31;113;2;61;0;0;2;0;21;5;1;1;6;1;22;2;0;124;67;0;29;0
1055;94;26;17;94;2;37;0;0;3;0;14;0;1;1;5;0;23;2;0;73;80;0;39;1
1056;79;25;27;106;1;53;0;0;4;0;36;0;1;0;12;0;15;3;0;102;63;0;44;0
1057;54;18;20;112;2;68;0;0;5;0;31;1;1;0;2;0;12;1;0;82;27;2;30;2
1058;65;11;19;91;0;43;0;0;8;1;25;0;0;0;8;1;21;5;0;60;44;0;32;1
1059;97;22;28;121;3;69;0;0;4;1;42;0;1;0;1;3;20;3;0;119;45;0;36;1
1060;73;25;13;91;4;41;0;0;5;0;32;0;1;0;7;1;20;2;0;98;96;0;39;1
1061;113;30;20;84;1;46;0;0;1;0;15;1;2;0;4;0;18;4;0;97;73;1;43;2
1062;107;32;34;73;1;47;0;0;8;0;23;1;0;0;6;1;24;1;0;77;71;0;42;1
1063;51;18;17;79;4;43;0;0;3;2;19;0;0;0;3;2;20;1;0;95;38;0;24;1
1064;87;29;28;67;4;46;0;0;7;1;19;2;1;0;2;0;19;1;0;82;62;0;25;0
1065;57;12;24;115;2;49;0;0;4;1;20;0;0;1;4;1;24;2;0;99;35;2;39;4
1066;71;20;35;128;0;57;0;0;6;0;35;3;0;0;4;1;24;6;0;95;36;0;32;1
1067;54;27;12;127;0;56;0;0;3;0;31;0;0;0;7;1;12;1;0;62;24;0;29;2
1068;82;16;30;99;3;55;0;0;7;1;24;0;0;0;8;0;29;3;0;71;45;0;41;1
1069;55;18;24;106;5;42;0;0;5;1;34;1;1;0;5;1;21;2;0;87;32;0;44;0
1070;65;6;24;76;0;29;0;0;3;4;15;2;0;0;0;0;11;4;0;56;26;0;20;1
1071;70;22;26;111;0;46;0;0;5;1;23;2;3;0;5;0;24;5;0;112;35;0;31;0
1072;70;35;35;203;6;72;0;0;6;0;40;0;0;0;1;0;13;1;0;94;31;0;27;0
1073;57;21;22;147;4;60;0;0;2;3;43;0;0;0;4;0;21;4;0;78;39;0;39;1
1074;75;29;37;178;2;73;0;0;8;0;40;1;0;0;3;1;18;1;0;91;42;0;52;2
1075;79;38;29;126;5;58;0;0;4;1;42;1;2;1;5;0;27;1;0;97;40;0;28;2
1076;57;31;27;142;0;67;0;0;4;0;32;2;1;0;1;1;19;0;0;85;31;0;41;3
1077;58;30;29;132;2;68;0;0;1;0;40;2;0;0;3;0;16;2;0;77;26;1;37;0
1078;70;35;42;173;6;73;0;0;9;1;49;2;0;0;4;2;20;2;0;119;32;1;45;3
1079;73;17;25;171;0;77;0;0;5;1;33;1;2;0;6;0;28;1;0;126;29;0;44;0
1080;73;34;37;160;3;73;0;0;4;3;43;3;0;0;13;0;31;1;0;93;52;1;46;2
1081;35;11;24;68;5;41;0;0;2;0;36;1;2;0;2;0;13;1;0;59;23;0;27;2
1082;82;10;13;60;1;38;0;0;2;2;14;1;2;1;2;0;15;0;0;63;52;1;24;5
1083;100;28;32;133;3;75;0;0;7;0;39;2;0;0;7;2;19;1;0;108;60;0;44;4
1084;65;34;22;108;2;54;0;0;4;0;29;0;2;0;3;0;19;3;0;101;43;1;30;0
1085;89;19;29;101;2;34;0;0;6;2;21;1;1;0;1;0;18;2;0;104;47;0;40;0
1086;85;17;15;79;0;43;0;0;2;0;20;0;0;0;7;0;8;3;0;78;56;0;24;1
1087;64;16;10;139;0;56;0;0;1;0;23;0;1;0;3;0;13;2;0;110;47;0;22;0
1088;78;17;12;73;2;29;0;0;6;1;15;0;0;0;4;2;10;0;0;80;52;0;29;1
1089;81;12;17;88;0;56;0;0;3;0;25;0;0;0;6;0;22;3;0;99;59;0;34;1
1090;51;20;21;84;1;72;0;0;1;1;27;0;0;0;0;0;15;1;0;67;20;0;23;2
1091;97;38;20;292;1;149;0;0;8;4;49;0;2;0;12;0;35;7;0;167;46;0;73;2
1092;80;33;36;154;3;81;0;0;7;1;45;0;0;0;7;0;26;4;0;146;34;1;47;2
1093;24;5;10;56;0;35;0;0;0;1;7;1;0;0;3;0;7;0;0;38;30;0;4;2
1094;57;18;13;133;1;81;0;0;3;0;20;1;2;0;1;1;24;2;0;93;37;1;28;0
1095;80;17;32;120;4;63;0;0;0;2;38;1;1;0;7;0;17;0;0;96;35;0;28;3
1096;20;11;16;62;1;32;0;0;3;1;16;2;0;0;4;0;15;2;0;53;25;0;23;1
1097;56;34;13;138;0;76;0;0;2;2;36;1;0;0;7;0;20;2;0;87;26;0;27;1
1098;54;44;27;242;3;88;0;0;6;0;50;0;2;0;4;1;19;5;0;151;39;0;59;1
1099;63;13;13;93;4;45;0;0;7;0;27;0;0;0;3;1;18;0;0;42;37;1;20;5
1100;100;30;22;125;0;68;0;0;5;0;20;2;1;0;7;0;30;0;0;96;71;1;46;1
1101;70;31;24;114;4;56;0;0;5;1;21;0;3;1;7;1;26;3;0;124;44;0;31;1
